Element,Transition,Theory (eV),Unc (eV),Direct (eV),Unc. (eV)
Ne,KL1,817.69,0.56,,
Ne,KL2,849.09,0.54,848.61,0.26
Ne,KL3,849.17,0.54,848.61,0.26
Ne,KM1,,,857.89,0.44
Ne,KM2,,,857.89,0.44
Ne,KM3,,,857.89,0.44
Ne,KM4,,,857.89,0.44
Ne,KM5,,,857.89,0.44
Ne,K edge,870.73,0.16,866.9001,0.009
Ne,L1 edge,53.04,0.4,,
Ne,L2 edge,21.63,0.39,,
Ne,L3 edge,21.55,0.38,,
Na,KL1,1004.99,0.49,,
Na,KL2,1041.77,0.51,1040.98,0.12
Na,KL3,1041.94,0.51,1040.98,0.12
Na,KM1,1073.0,1.2,1071.12,0.27
Na,KM2,,,1071.12,0.27
Na,KM3,,,1071.12,0.27
Na,KM4,,,1071.12,0.27
Na,KM5,,,1071.12,0.27
Na,K edge,1080.15,0.15,1071.68,0.14
Na,L1M1,68.0,1.4,,
Na,L1 edge,75.16,0.35,,
Na,L2M1,31.3,1.4,,
Na,L2 edge,38.38,0.37,30.61,0.56
Na,L3M1,31.09,0.37,,
Na,L3 edge,38.21,0.37,30.61,0.56
Mg,KL1,1211.54,0.43,,
Mg,KL2,1254.14,0.49,1253.437,13.0
Mg,KL3,1254.39,0.49,1253.688,11.0
Mg,KM1,1303.5,1.2,1302.2,0.4
Mg,KM2,,,1302.2,0.4
Mg,KM3,,,1302.2,0.4
Mg,KM4,,,1302.2,0.4
Mg,KM5,,,1302.2,0.4
Mg,K edge,1312.3,0.14,1303.403,20.0
Mg,L1M1,92.0,1.4,,
Mg,L1 edge,100.75,0.29,62.839,47.0
Mg,L2M1,49.4,1.4,,
Mg,L2 edge,58.16,0.35,49.732,30.0
Mg,L3M1,49.14,0.36,,
Mg,L3 edge,57.9,0.35,49.454,29.0
Al,KL1,1438.94,0.38,,
Al,KL2,1487.12,0.47,1486.295,10.0
Al,KL3,1487.53,0.47,1486.708,10.0
Al,KM1,1556.63,0.98,1557.57,0.58
Al,KM2,1561.28,0.96,1557.57,0.58
Al,KM3,,,1557.57,0.58
Al,KM4,,,1557.57,0.58
Al,KM5,,,1557.57,0.58
Al,K edge,1569.56,0.13,1559.893,15.0
Al,L1M1,117.7,1.1,,
Al,L1M2,122.3,1.1,,
Al,L1 edge,130.62,0.25,87.005,90.0
Al,L2M1,69.5,1.2,,
Al,L2M2,74.2,1.2,,
Al,L2 edge,82.44,0.34,72.76,63.0
Al,L3M1,69.1,1.2,,
Al,L3M2,73.7,1.2,,
Al,L3 edge,82.03,0.34,72.76,63.0
Si,KL1,1686.54,0.33,,
Si,KL2,1739.67,0.47,1739.394,34.0
Si,KL3,1741.16,0.47,1739.985,19.0
Si,KM1,1834.97,0.84,1835.96,0.4
Si,KM2,1841.79,0.72,1835.96,0.4
Si,KM3,,,1835.96,0.4
Si,KM4,,,1835.96,0.4
Si,KM5,,,1835.96,0.4
Si,K edge,1850.26,0.13,1840.05,0.4
Si,L1M1,148.42,0.91,,
Si,L1M2,155.24,0.79,,
Si,L1 edge,163.72,0.2,,
Si,L2M1,95.3,1.1,,
Si,L2M2,102.11,0.93,,
Si,L2 edge,110.59,0.34,100.8,1.2
Si,L3M1,93.81,0.93,,
Si,L3M2,100.63,0.93,,
Si,L3 edge,109.1,0.34,100.8,1.2
P,KL1,1954.45,0.27,,
P,KL2,2013.14,0.45,2012.7,0.48
P,KL3,2014.73,0.44,2013.68,0.48
P,KM1,2136.1,1.0,2139.1,1.1
P,KM2,2143.79,0.58,2139.1,1.1
P,KM3,2140.82,1.0,2139.1,1.1
P,KM4,,,2139.1,1.1
P,KM5,,,2139.1,1.1
P,K edge,2154.24,0.12,2143.54,0.55
P,L1M1,181.7,1.0,,
P,L1M2,189.34,0.62,,
P,L1M3,186.4,1.0,,
P,L1 edge,199.79,0.16,,
P,L2M1,123.0,1.2,,
P,L2M2,130.65,0.79,,
P,L2M3,127.7,1.2,,
P,L2 edge,141.1,0.33,131.9,2.1
P,L3M1,121.41,0.78,,
P,L3M2,129.07,0.78,,
P,L3M3,126.1,1.2,,
P,L3 edge,139.51,0.32,131.9,2.1
S,KL1,2242.56,0.23,,
S,KL2,2307.01,0.45,2306.7,38.0
S,KL3,2308.8,0.44,2307.885,34.0
S,KM1,2460.1,1.1,,
S,KM2,2469.73,0.6,,
S,KM3,2467.53,0.72,2464.07,0.14
S,K edge,2481.71,0.12,2470.506,73.0
S,L1M1,217.5,1.1,,
S,L1M2,227.17,0.6,,
S,L1M3,224.96,0.72,,
S,L1 edge,239.15,0.11,,
S,L2M1,153.1,1.4,148.66,0.79
S,L2M2,162.72,0.81,,
S,L2M3,160.52,0.93,,
S,L2 edge,174.7,0.33,,
S,L3M1,151.29,0.8,148.66,0.79
S,L3M2,160.93,0.8,,
S,L3M3,158.73,0.92,,
S,L3 edge,172.91,0.32,,
Cl,KL1,2550.96,0.26,,
Cl,KL2,2621.27,0.44,2620.846,39.0
Cl,KL3,2623.67,0.43,2622.44,39.0
Cl,KM1,2807.0,1.3,2815.6,0.28
Cl,KM2,2819.04,0.64,2815.6,0.28
Cl,KM3,2817.58,0.49,2815.6,0.28
Cl,KM4,,,2815.6,0.28
Cl,KM5,,,2815.6,0.28
Cl,K edge,2832.76,0.12,2819.639,95.0
Cl,L1M1,256.0,1.3,,
Cl,L1M2,268.08,0.66,,
Cl,L1M3,266.62,0.52,,
Cl,L1 edge,281.8,0.15,,
Cl,L2M1,185.7,1.5,184.14,0.36
Cl,L2M2,197.77,0.84,,
Cl,L2M3,196.31,0.7,,
Cl,L2 edge,211.49,0.33,,
Cl,L3M1,183.31,0.83,182.6,0.36
Cl,L3M2,195.37,0.83,,
Cl,L3M3,193.91,0.69,,
Cl,L3 edge,209.09,0.31,,
Ar,KL1,2880.13,0.33,,
Ar,KL2,2955.89,0.43,2955.566,16.0
Ar,KL3,2957.9,0.42,2957.682,16.0
Ar,KM1,3177.4,1.5,,
Ar,KM2,3191.31,0.58,3190.49,0.24
Ar,KM3,3191.47,0.58,3190.49,0.24
Ar,K edge,3207.44,0.12,3202.933,61.0
Ar,L1M1,297.3,1.6,,
Ar,L1M2,311.18,0.69,,
Ar,L1M3,311.35,0.69,,
Ar,L1 edge,327.31,0.23,,
Ar,L2M1,221.5,1.7,221.79,0.59
Ar,L2M2,235.41,0.78,,
Ar,L2M3,235.58,0.78,,
Ar,L2 edge,251.55,0.32,,
Ar,L3M1,219.52,0.77,220.22,0.58
Ar,L3M2,233.4,0.77,,
Ar,L3M3,233.57,0.77,,
Ar,L3 edge,249.54,0.31,,
K,KL1,3229.98,0.32,,
K,KL2,3311.97,0.44,3311.1956,0.006
K,KL3,3314.6,0.42,3313.9476,0.005
K,KM1,3575.0,1.4,,
K,KM2,3591.78,0.72,3589.63,0.31
K,KM3,3591.49,0.61,3589.63,0.31
K,KM4,,,3602.78,0.62
K,KM5,,,3602.78,0.62
K,KN1,3611.14,0.17,,
K,K edge,3616.22,0.12,3607.81,0.16
K,L1M1,345.0,1.5,,
K,L1M2,361.81,0.82,,
K,L1M3,361.52,0.71,,
K,L1N1,381.16,0.27,,
K,L1 edge,386.25,0.22,,
K,L2M1,263.0,1.7,262.45,0.16
K,L2M2,279.81,0.93,,
K,L2M3,279.52,0.81,,
K,L2N1,299.17,0.38,,
K,L2 edge,304.25,0.33,294.5,1.0
K,L3M1,260.38,0.91,259.703,81.0
K,L3M2,277.18,0.91,,
K,L3M3,276.9,0.8,,
K,L3N1,296.54,0.36,,
K,L3 edge,301.62,0.31,294.5,1.0
Ca,KL1,3598.89,0.31,,
Ca,KL2,3687.56,0.43,3688.128,49.0
Ca,KL3,3690.98,0.41,3691.719,49.0
Ca,KM1,3993.8,1.4,,
Ca,KM2,4014.32,0.59,4012.76,0.38
Ca,KM3,4014.68,0.58,4012.76,0.38
Ca,KM4,,,4032.47,0.58
Ca,KM5,,,4032.47,0.58
Ca,KN1,4043.2,0.18,,
Ca,K edge,4049.35,0.12,4038.12,0.19
Ca,L1M1,394.9,1.5,,
Ca,L1M2,415.43,0.68,,
Ca,L1M3,415.8,0.67,,
Ca,L1N1,444.32,0.27,,
Ca,L1 edge,450.46,0.2,,
Ca,L2M1,306.2,1.6,306.43,0.22
Ca,L2M2,326.76,0.79,,
Ca,L2M3,327.12,0.78,,
Ca,L2M4,,,344.97,0.28
Ca,L2N1,355.64,0.39,,
Ca,L2 edge,361.79,0.32,352.92,0.15
Ca,L3M1,302.8,0.77,302.69,0.22
Ca,L3M2,323.34,0.77,,
Ca,L3M3,323.71,0.77,,
Ca,L3M4,,,341.27,0.28
Ca,L3M5,,,341.27,0.28
Ca,L3N1,352.23,0.37,,
Ca,L3 edge,358.37,0.3,349.34,0.15
Sc,KL1,3991.57,0.39,,
Sc,KL2,4085.43,0.44,4085.9526,0.0085
Sc,KL3,4090.15,0.42,4090.735,19.0
Sc,KM1,4438.8,1.5,,
Sc,KM2,4461.16,0.8,4460.44,0.47
Sc,KM3,4462.93,0.8,4460.44,0.47
Sc,KM4,4490.79,0.41,4486.59,0.72
Sc,KM5,,,4486.59,0.72
Sc,KN1,4495.16,0.18,,
Sc,K edge,4501.68,0.12,4488.9,2.4
Sc,L1M1,447.3,1.7,,
Sc,L1M2,469.59,0.98,,
Sc,L1M3,471.36,0.97,,
Sc,L1M4,499.22,0.59,,
Sc,L1N1,503.6,0.36,,
Sc,L1 edge,510.11,0.29,,
Sc,L2M1,353.4,1.7,352.92,0.3
Sc,L2M2,375.7,1.0,,
Sc,L2M3,377.5,1.0,,
Sc,L2M4,405.35,0.62,399.69,0.38
Sc,L2N1,409.73,0.4,,
Sc,L2 edge,416.25,0.33,,
Sc,L3M1,348.7,0.99,348.36,0.43
Sc,L3M2,371.01,0.99,,
Sc,L3M3,372.78,0.99,,
Sc,L3M4,400.64,0.6,395.48,0.56
Sc,L3M5,,,395.48,0.56
Sc,L3N1,405.01,0.37,,
Sc,L3 edge,411.53,0.31,,
Ti,KL1,4404.59,0.43,,
Ti,KL2,4504.07,0.44,4504.9201,0.0094
Ti,KL3,4510.38,0.42,4510.8991,0.0094
Ti,KM1,4907.1,1.5,,
Ti,KM2,4930.86,0.85,4931.827,59.0
Ti,KM3,4934.46,0.87,4931.827,59.0
Ti,KM4,4965.95,0.43,4962.27,0.59
Ti,KM5,,,4962.27,0.59
Ti,KN1,4971.09,0.18,,
Ti,K edge,4977.92,0.12,4964.58,0.15
Ti,L1M1,502.5,1.8,,
Ti,L1M2,526.3,1.1,,
Ti,L1M3,529.9,1.1,,
Ti,L1M4,561.36,0.64,,
Ti,L1N1,566.5,0.4,,
Ti,L1 edge,573.33,0.33,,
Ti,L2M1,403.0,1.8,401.37,0.58
Ti,L2M2,426.8,1.1,,
Ti,L2M3,430.4,1.1,,
Ti,L2M4,461.88,0.64,458.35,0.5
Ti,L2N1,467.03,0.4,,
Ti,L2 edge,473.85,0.33,454.31,0.25
Ti,L3M1,396.7,1.0,395.35,0.37
Ti,L3M2,420.5,1.0,,
Ti,L3M3,424.1,1.1,,
Ti,L3M4,455.57,0.61,452.16,0.49
Ti,L3M5,,,452.16,0.49
Ti,L3N1,460.72,0.37,,
Ti,L3 edge,467.55,0.31,454.31,0.25
V,KL1,4838.5,0.47,,
V,KL2,4943.59,0.45,4944.671,59.0
V,KL3,4951.79,0.42,4952.216,59.0
V,KM1,5399.3,1.5,,
V,KM2,5424.42,0.89,5427.32,71.0
V,KM3,5430.0,0.94,5427.32,71.0
V,KM4,5465.33,0.44,5462.96,0.21
V,KM5,,,5462.96,0.21
V,KN1,5471.17,0.19,,
V,K edge,5478.28,0.12,5463.757,50.0
V,L1M1,560.8,1.8,,
V,L1M2,585.9,1.1,585.1,3.7
V,L1M3,591.5,1.2,585.1,3.7
V,L1M4,626.83,0.69,,
V,L1N1,632.67,0.44,,
V,L1 edge,639.78,0.37,,
V,L2M1,455.7,1.8,453.48,0.74
V,L2M2,480.8,1.1,,
V,L2M3,486.4,1.2,,
V,L2M4,521.74,0.65,519.2,1.3
V,L2N1,527.58,0.4,,
V,L2 edge,534.69,0.33,,
V,L3M1,447.5,1.1,446.46,0.24
V,L3M2,472.6,1.1,,
V,L3M3,478.2,1.1,,
V,L3M4,513.54,0.63,511.27,0.94
V,L3M5,,,511.27,0.94
V,L3N1,519.38,0.38,,
V,L3 edge,526.5,0.31,,
Cr,KL1,5293.35,0.5,,
Cr,KL2,5404.06,0.45,5405.5384,0.0071
Cr,KL3,5413.88,0.42,5414.8045,0.0071
Cr,KM1,5914.2,1.5,,
Cr,KM2,5940.74,0.92,5946.823,11.0
Cr,KM3,5947.1,1.0,5946.823,11.0
Cr,KM4,5986.82,0.46,5986.97,0.26
Cr,KM5,5990.83,0.12,5986.97,0.26
Cr,KN1,5989.03,0.19,,
Cr,K edge,5995.66,0.12,5989.017,40.0
Cr,L1M1,620.9,1.8,,
Cr,L1M2,647.4,1.2,653.9,1.0
Cr,L1M3,653.8,1.3,653.9,1.0
Cr,L1M4,693.47,0.74,,
Cr,L1M5,697.48,0.4,,
Cr,L1N1,695.68,0.47,,
Cr,L1 edge,702.31,0.4,742.4,6.6
Cr,L2M1,510.2,1.8,510.22,0.93
Cr,L2M2,536.7,1.1,,
Cr,L2M3,543.0,1.2,,
Cr,L2M4,582.76,0.67,582.9,0.41
Cr,L2M5,586.76,0.33,,
Cr,L2N1,584.96,0.41,,
Cr,L2 edge,591.6,0.33,692.6,5.7
Cr,L3M1,500.3,1.1,500.33,0.3
Cr,L3M2,526.9,1.1,,
Cr,L3M3,533.2,1.2,,
Cr,L3M4,572.94,0.64,572.9,1.2
Cr,L3M5,576.95,0.3,572.9,1.2
Cr,L3N1,575.15,0.38,,
Cr,L3 edge,581.78,0.3,598.9,4.3
Mn,KL1,5769.18,0.54,,
Mn,KL2,5886.2,0.45,5887.6859,0.0084
Mn,KL3,5898.1,0.42,5898.801,0.0084
Mn,KM1,6455.7,1.5,,
Mn,KM2,6485.39,0.96,6490.585,14.0
Mn,KM3,6492.7,1.0,6490.585,14.0
Mn,KM4,6537.52,0.48,6535.36,0.51
Mn,KM5,6538.54,0.51,6535.36,0.51
Mn,KN1,6544.46,0.2,,
Mn,K edge,6552.12,0.12,6537.667,20.0
Mn,L1M1,686.5,1.8,,
Mn,L1M2,716.2,1.3,721.2,1.2
Mn,L1M3,723.5,1.4,721.2,1.2
Mn,L1M4,768.34,0.8,,
Mn,L1M5,769.36,0.82,,
Mn,L1N1,775.27,0.51,,
Mn,L1 edge,782.94,0.44,,
Mn,L2M1,569.5,1.7,567.42,0.77
Mn,L2M2,599.2,1.2,,
Mn,L2M3,606.5,1.3,,
Mn,L2M4,651.32,0.69,648.8,1.0
Mn,L2M5,652.34,0.72,,
Mn,L2N1,658.26,0.41,,
Mn,L2 edge,665.92,0.33,,
Mn,L3M1,557.6,1.1,556.22,0.37
Mn,L3M2,587.3,1.1,,
Mn,L3M3,594.6,1.2,,
Mn,L3M4,639.42,0.66,637.44,0.49
Mn,L3M5,640.44,0.69,637.44,0.49
Mn,L3N1,646.36,0.38,,
Mn,L3 edge,654.02,0.31,,
Fe,KL1,6266.07,0.58,,
Fe,KL2,6389.51,0.46,6391.0264,0.0099
Fe,KL3,6403.13,0.43,6404.0062,0.0099
Fe,KM1,7020.2,1.5,,
Fe,KM2,7053.23,1.0,7058.175,16.0
Fe,KM3,7059.9,1.1,7058.175,16.0
Fe,KM4,7110.59,0.5,7108.26,0.6
Fe,KM5,7111.5,0.52,7108.26,0.6
Fe,KN1,7117.93,0.2,,
Fe,K edge,7125.87,0.13,7110.747,20.0
Fe,L1M1,754.1,1.8,,
Fe,L1M2,787.2,1.3,792.2,1.5
Fe,L1M3,793.8,1.4,792.2,1.5
Fe,L1M4,844.52,0.85,,
Fe,L1M5,845.44,0.87,,
Fe,L1N1,851.86,0.55,,
Fe,L1 edge,859.8,0.48,,
Fe,L2M1,630.6,1.7,627.8,1.9
Fe,L2M2,663.7,1.2,,
Fe,L2M3,670.4,1.3,,
Fe,L2M4,721.07,0.7,718.32,0.62
Fe,L2M5,721.99,0.73,,
Fe,L2N1,728.41,0.41,,
Fe,L2 edge,736.35,0.34,720.74,0.31
Fe,L3M1,617.0,1.2,615.3,0.45
Fe,L3M2,650.1,1.2,,
Fe,L3M3,656.8,1.3,,
Fe,L3M4,707.46,0.67,704.8,1.2
Fe,L3M5,708.38,0.7,704.8,1.2
Fe,L3N1,714.8,0.38,,
Fe,L3 edge,722.74,0.31,707.46,0.3
Co,KL1,6784.08,0.61,,
Co,KL2,6914.08,0.47,6915.538,0.0039
Co,KL3,6929.63,0.43,6930.378,0.0039
Co,KM1,7609.0,1.5,,
Co,KM2,7645.5,1.0,7649.445,14.0
Co,KM3,7651.5,1.1,7649.445,14.0
Co,KM4,7708.35,0.52,7705.98,0.21
Co,KM5,7709.15,0.54,7705.98,0.21
Co,KN1,7716.05,0.21,,
Co,K edge,7724.26,0.13,7708.776,20.0
Co,L1M1,824.9,1.9,,
Co,L1M2,861.4,1.4,866.4,2.7
Co,L1M3,867.4,1.5,866.4,2.7
Co,L1M4,924.27,0.9,,
Co,L1M5,925.07,0.92,,
Co,L1N1,931.97,0.59,,
Co,L1 edge,940.18,0.51,,
Co,L2M1,694.9,1.7,693.8,1.7
Co,L2M2,731.5,1.2,,
Co,L2M3,737.4,1.3,,
Co,L2M4,794.27,0.72,791.41,0.6
Co,L2M5,795.08,0.74,,
Co,L2N1,801.98,0.42,,
Co,L2 edge,810.18,0.34,793.84,0.38
Co,L3M1,679.3,1.2,677.8,0.44
Co,L3M2,715.9,1.2,,
Co,L3M3,721.9,1.3,,
Co,L3M4,778.71,0.69,776.25,0.43
Co,L3M5,779.52,0.71,776.25,0.43
Co,L3N1,786.42,0.39,,
Co,L3 edge,794.62,0.31,779.03,0.36
Ni,KL1,7323.29,0.65,,
Ni,KL2,7459.96,0.47,7461.0343,0.0045
Ni,KL3,7477.72,0.44,7478.2521,0.0045
Ni,KM1,8222.2,1.4,,
Ni,KM2,8262.4,1.1,8264.775,17.0
Ni,KM3,8267.6,1.1,8264.775,17.0
Ni,KM4,8330.91,0.54,8328.68,0.33
Ni,KM5,8331.59,0.56,8328.68,0.33
Ni,KN1,8338.94,0.22,,
Ni,K edge,8347.42,0.14,8331.486,20.0
Ni,L1M1,898.9,1.9,,
Ni,L1M2,939.1,1.5,940.7,1.1
Ni,L1M3,944.3,1.6,940.7,1.1
Ni,L1M4,1007.62,0.95,,
Ni,L1M5,1008.3,0.97,,
Ni,L1N1,1015.65,0.63,,
Ni,L1 edge,1024.13,0.55,,
Ni,L2M1,762.2,1.7,762.0,2.1
Ni,L2M2,802.4,1.3,,
Ni,L2M3,807.6,1.3,,
Ni,L2M4,870.95,0.74,868.77,0.54
Ni,L2M5,871.63,0.76,,
Ni,L2N1,878.98,0.42,,
Ni,L2 edge,887.46,0.34,870.54,0.45
Ni,L3M1,744.5,1.2,742.72,0.59
Ni,L3M2,784.7,1.2,,
Ni,L3M3,789.9,1.3,,
Ni,L3M4,853.19,0.71,851.47,0.26
Ni,L3M5,853.87,0.72,851.47,0.26
Ni,L3N1,861.23,0.39,,
Ni,L3 edge,869.7,0.31,853.58,0.43
Cu,KL1,7884.83,0.68,,
Cu,KL2,8028.38,0.48,8027.8416,0.0026
Cu,KL3,8048.11,0.45,8047.8227,0.0026
Cu,KM1,8859.8,1.4,,
Cu,KM2,8904.0,1.1,8905.413,38.0
Cu,KM3,8906.9,1.2,8905.413,38.0
Cu,KM4,8977.49,0.56,8977.14,0.29
Cu,KM5,8977.82,0.58,8977.14,0.29
Cu,KN1,8980.22,0.23,,
Cu,K edge,8987.96,0.15,8980.476,20.0
Cu,L1M1,975.0,1.8,,
Cu,L1M2,1019.1,1.5,1022.79,1.0
Cu,L1M3,1022.0,1.6,1022.79,1.0
Cu,L1M4,1092.7,1.0,,
Cu,L1M5,1093.0,1.0,,
Cu,L1N1,1095.39,0.67,,
Cu,L1 edge,1103.12,0.59,,
Cu,L2M1,831.4,1.6,832.1,1.7
Cu,L2M2,875.6,1.3,,
Cu,L2M3,878.5,1.4,,
Cu,L2M4,949.11,0.76,949.84,0.32
Cu,L2M5,949.44,0.77,,
Cu,L2N1,951.84,0.43,,
Cu,L2 edge,959.58,0.34,952.68,0.11
Cu,L3M1,811.7,1.3,811.08,0.71
Cu,L3M2,855.8,1.3,,
Cu,L3M3,858.8,1.3,,
Cu,L3M4,929.38,0.72,929.68,0.31
Cu,L3M5,929.71,0.74,929.68,0.31
Cu,L3N1,932.11,0.39,,
Cu,L3 edge,939.85,0.31,933.04,0.1
Zn,KL1,8465.23,0.68,,
Zn,KL2,8616.22,0.5,8615.823,73.0
Zn,KL3,8639.1,0.45,8638.906,73.0
Zn,KM1,9522.7,1.4,,
Zn,KM2,9570.8,1.2,9572.03,0.22
Zn,KM3,9573.6,1.2,9572.03,0.22
Zn,KM4,9650.97,0.59,9649.9,1.1
Zn,KM5,9651.31,0.59,9649.9,1.1
Zn,KN1,9659.54,0.23,,
Zn,KN2,,,9658.05,0.22
Zn,KN3,,,9658.05,0.22
Zn,K edge,9668.55,0.15,9660.755,30.0
Zn,L1M1,1057.5,1.9,,
Zn,L1M2,1105.6,1.7,1107.0,1.0
Zn,L1M3,1108.4,1.6,1107.0,1.0
Zn,L1M4,1185.7,1.0,,
Zn,L1M5,1186.1,1.0,,
Zn,L1N1,1194.31,0.66,,
Zn,L1 edge,1203.31,0.58,949.3,1.1
Zn,L2M1,906.5,1.7,906.3,2.0
Zn,L2M2,954.6,1.4,,
Zn,L2M3,957.4,1.4,,
Zn,L2M4,1034.76,0.8,1034.65,0.38
Zn,L2M5,1035.1,0.8,,
Zn,L2N1,1043.33,0.45,,
Zn,L2 edge,1052.33,0.36,1045.21,0.13
Zn,L3M1,883.6,1.4,884.3,1.9
Zn,L3M2,931.7,1.4,,
Zn,L3M3,934.5,1.3,,
Zn,L3M4,1011.87,0.75,1011.77,0.37
Zn,L3M5,1012.21,0.75,1011.77,0.37
Zn,L3N1,1020.44,0.4,,
Zn,L3 edge,1029.45,0.31,1022.03,0.12
Ga,KL1,9067.89,0.75,,
Ga,KL2,9225.1,0.49,9224.835,27.0
Ga,KL3,9251.89,0.45,9251.674,66.0
Ga,KM1,10210.4,1.3,,
Ga,KM2,10261.8,1.1,10260.28,0.64
Ga,KM3,10265.8,1.2,10264.19,0.29
Ga,KM4,10349.92,0.6,10348.2,2.6
Ga,KM5,10350.49,0.61,10348.2,2.6
Ga,KN1,10365.69,0.34,,
Ga,KN2,10370.5,0.21,10366.42,0.26
Ga,KN3,,,10366.42,0.26
Ga,K edge,10377.76,0.16,10368.1,1.3
Ga,L1M1,1142.5,1.8,,
Ga,L1M2,1193.9,1.6,1196.9,1.4
Ga,L1M3,1197.9,1.7,1196.9,1.4
Ga,L1M4,1282.0,1.1,,
Ga,L1M5,1282.6,1.1,,
Ga,L1N1,1297.8,0.83,,
Ga,L1N2,1302.61,0.7,,
Ga,L1 edge,1309.87,0.65,1302.7,1.0
Ga,L2M1,985.3,1.6,984.22,0.23
Ga,L2M2,1036.7,1.3,,
Ga,L2M3,1040.7,1.4,,
Ga,L2M4,1124.82,0.79,1124.76,0.3
Ga,L2M5,1125.39,0.8,,
Ga,L2N1,1140.59,0.54,,
Ga,L2N2,1145.4,0.4,,
Ga,L2 edge,1152.66,0.35,1145.02,0.78
Ga,L3M1,958.5,1.3,957.17,0.22
Ga,L3M2,1009.9,1.3,,
Ga,L3M3,1013.9,1.3,,
Ga,L3M4,1098.03,0.75,1097.97,0.14
Ga,L3M5,1098.59,0.76,1097.97,0.14
Ga,L3N1,1113.79,0.49,,
Ga,L3N2,1118.61,0.36,,
Ga,L3 edge,1125.86,0.31,1116.96,0.15
Ge,KL1,9692.08,0.84,,
Ge,KL2,9855.67,0.51,9855.42,0.1
Ge,KL3,9886.67,0.46,9886.52,0.11
Ge,KM1,10924.0,1.3,,
Ge,KM2,10979.4,1.3,10978.1,1.3
Ge,KM3,10984.0,1.3,10982.19,0.29
Ge,KM4,11074.59,0.63,11074.8,1.5
Ge,KM5,11075.33,0.63,11074.8,1.5
Ge,KN1,11098.72,0.52,,
Ge,KN2,11105.84,0.37,11100.97,0.29
Ge,KN3,,,11100.97,0.29
Ge,K edge,11113.82,0.16,11103.76,0.74
Ge,L1M1,1231.9,1.9,,
Ge,L1M2,1287.3,1.9,1286.12,0.39
Ge,L1M3,1292.0,1.8,1294.04,0.4
Ge,L1M4,1382.5,1.2,,
Ge,L1M5,1383.2,1.2,,
Ge,L1N1,1406.6,1.1,,
Ge,L1N2,1413.76,0.93,,
Ge,L1 edge,1421.74,0.73,1413.23,0.24
Ge,L2M1,1068.3,1.5,1067.98,0.27
Ge,L2M2,1123.7,1.5,,
Ge,L2M3,1128.4,1.5,,
Ge,L2M4,1218.91,0.82,1218.5,0.18
Ge,L2M5,1219.65,0.83,,
Ge,L2N1,1243.05,0.72,,
Ge,L2N2,1250.17,0.56,,
Ge,L2 edge,1258.15,0.35,1249.32,0.19
Ge,L3M1,1037.3,1.4,1036.21,0.51
Ge,L3M2,1092.7,1.4,,
Ge,L3M3,1097.4,1.4,,
Ge,L3M4,1187.91,0.78,1188.01,0.13
Ge,L3M5,1188.66,0.78,1188.01,0.13
Ge,L3N1,1212.05,0.67,,
Ge,L3N2,1219.17,0.51,,
Ge,L3 edge,1227.15,0.31,1217.06,0.18
As,KL1,10336.7,0.82,,
As,KL2,10507.84,0.51,10507.5,0.15
As,KL3,10543.48,0.47,10543.2674,0.0081
As,KM1,11663.0,1.3,,
As,KM2,11721.6,1.2,11719.86,0.84
As,KM3,11727.1,1.2,11725.73,0.37
As,KM4,11825.05,0.64,11821.4,1.7
As,KM5,11825.89,0.65,11821.4,1.7
As,KN1,11858.67,0.77,,
As,KN2,11867.94,0.64,11864.34,0.5
As,KN3,11866.38,0.23,11864.34,0.5
As,K edge,11876.74,0.18,11864.3,1.7
As,L1M1,1326.3,1.8,,
As,L1M2,1384.9,1.7,1388.54,0.23
As,L1M3,1390.4,1.7,1388.54,0.23
As,L1M4,1488.3,1.2,,
As,L1M5,1489.2,1.2,,
As,L1N1,1522.0,1.3,,
As,L1N2,1531.2,1.2,,
As,L1N3,1529.68,0.76,,
As,L1 edge,1540.04,0.7,1529.32,0.28
As,L2M1,1155.2,1.5,1155.04,0.16
As,L2M2,1213.8,1.4,,
As,L2M3,1219.3,1.4,,
As,L2M4,1317.21,0.82,1316.99,0.17
As,L2M5,1318.06,0.82,,
As,L2N1,1350.84,0.95,,
As,L2N2,1360.1,0.82,,
As,L2N3,1358.54,0.41,,
As,L2 edge,1368.9,0.35,1358.71,0.22
As,L3M1,1119.5,1.3,1119.78,0.15
As,L3M2,1178.1,1.3,,
As,L3M3,1183.7,1.3,,
As,L3M4,1281.56,0.79,1282.01,0.16
As,L3M5,1282.41,0.79,1282.01,0.16
As,L3N1,1315.19,0.91,,
As,L3N2,1324.46,0.78,,
As,L3N3,1322.9,0.37,,
As,L3 edge,1333.26,0.31,1323.61,0.21
Se,KL1,11003.49,0.84,,
Se,KL2,11181.82,0.52,11181.53,0.31
Se,KL3,11222.55,0.48,11222.52,0.12
Se,KM1,12427.9,1.3,,
Se,KM2,12490.3,1.2,12489.73,1.0
Se,KM3,12496.5,1.2,12496.03,0.67
Se,KM4,12601.47,0.68,12596.0,1.9
Se,KM5,12602.42,0.67,12596.0,1.9
Se,KN1,12645.7,1.1,,
Se,KN2,12656.38,0.73,12652.29,0.96
Se,KN3,12655.11,0.33,12652.29,0.96
Se,K edge,12666.72,0.19,12654.61,0.19
Se,L1M1,1424.4,1.8,,
Se,L1M2,1486.8,1.8,1490.0,2.4
Se,L1M3,1493.0,1.8,1490.0,2.4
Se,L1M4,1598.0,1.2,,
Se,L1M5,1598.9,1.2,,
Se,L1N1,1642.2,1.6,,
Se,L1N2,1652.9,1.3,,
Se,L1N3,1651.62,0.88,,
Se,L1 edge,1663.23,0.73,1652.44,0.33
Se,L2M1,1246.0,1.5,1244.55,0.18
Se,L2M2,1308.4,1.4,,
Se,L2M3,1314.7,1.4,,
Se,L2M4,1419.65,0.84,1419.24,0.12
Se,L2M5,1420.6,0.84,,
Se,L2N1,1463.9,1.3,,
Se,L2N2,1474.55,0.89,,
Se,L2N3,1473.29,0.5,,
Se,L2 edge,1484.9,0.35,1474.75,0.26
Se,L3M1,1205.3,1.3,1204.41,0.17
Se,L3M2,1267.7,1.3,,
Se,L3M3,1273.9,1.3,,
Se,L3M4,1378.92,0.8,1379.11,0.11
Se,L3M5,1379.88,0.8,1379.11,0.11
Se,L3N1,1423.1,1.2,,
Se,L3N2,1433.83,0.86,,
Se,L3N3,1432.57,0.46,,
Se,L3 edge,1444.18,0.31,1433.98,0.25
Br,KL1,11692.04,0.88,,
Br,KL2,11877.69,0.53,11877.75,0.34
Br,KL3,11924.02,0.48,11924.36,0.34
Br,KM1,13218.6,1.3,,
Br,KM2,13284.8,1.2,13284.7,1.1
Br,KM3,13292.1,1.2,13291.56,0.42
Br,KM4,13403.97,0.7,13396.3,2.1
Br,KM5,13405.04,0.7,13396.3,2.1
Br,KN1,13459.8,1.5,,
Br,KN2,13471.5,0.71,13469.6,0.43
Br,KN3,13470.84,0.41,13469.6,0.43
Br,K edge,13483.86,0.19,13470.5,2.2
Br,L1M1,1526.5,1.8,,
Br,L1M2,1592.8,1.8,1596.3,2.7
Br,L1M3,1600.0,1.8,1596.3,2.7
Br,L1M4,1711.9,1.3,,
Br,L1M5,1713.0,1.3,,
Br,L1N1,1767.8,2.1,,
Br,L1N2,1779.5,1.3,,
Br,L1N3,1778.79,0.97,,
Br,L1 edge,1791.81,0.76,1781.6,1.9
Br,L2M1,1340.9,1.4,1339.63,0.21
Br,L2M2,1407.2,1.4,,
Br,L2M3,1414.4,1.4,,
Br,L2M4,1526.28,0.86,1525.92,0.14
Br,L2M5,1527.35,0.85,,
Br,L2N1,1582.1,1.7,,
Br,L2N2,1593.81,0.87,,
Br,L2N3,1593.15,0.56,,
Br,L2 edge,1606.17,0.35,1599.2,1.5
Br,L3M1,1294.5,1.4,1293.5,0.2
Br,L3M2,1360.8,1.4,,
Br,L3M3,1368.1,1.3,,
Br,L3M4,1479.95,0.82,1480.46,0.13
Br,L3M5,1481.02,0.81,1480.46,0.13
Br,L3N1,1535.8,1.6,,
Br,L3N2,1547.49,0.83,,
Br,L3N3,1546.82,0.52,,
Br,L3 edge,1559.84,0.31,1552.9,1.4
Kr,KL1,12402.57,0.92,,
Kr,KL2,12595.58,0.54,12595.424,56.0
Kr,KL3,12648.0,0.49,12648.002,52.0
Kr,KM1,14034.9,1.2,,
Kr,KM2,14105.7,1.3,14104.96,0.11
Kr,KM3,14113.3,1.2,14112.815,80.0
Kr,KM4,14232.63,0.72,14237.7,4.8
Kr,KM5,14233.88,0.72,14237.7,4.8
Kr,KN1,14301.2,2.0,,
Kr,KN2,14313.43,0.59,14315.0,2.4
Kr,KN3,14314.1,0.58,14315.0,2.4
Kr,KN4,,,14328.2,4.9
Kr,KN5,,,14328.2,4.9
Kr,K edge,14328.06,0.2,14324.61,0.24
Kr,L1M1,1632.4,1.8,,
Kr,L1M2,1703.1,1.9,1697.5,1.7
Kr,L1M3,1710.7,1.8,1706.8,1.7
Kr,L1M4,1830.1,1.3,,
Kr,L1M5,1831.3,1.3,,
Kr,L1N1,1898.7,2.5,,
Kr,L1N2,1910.9,1.2,,
Kr,L1N3,1911.5,1.2,,
Kr,L1 edge,1925.49,0.79,1916.3,4.4
Kr,L2M1,1439.4,1.4,,
Kr,L2M2,1510.1,1.4,,
Kr,L2M3,1517.7,1.4,,
Kr,L2M4,1637.05,0.87,1636.876,21.0
Kr,L2M5,1638.3,0.87,,
Kr,L2N1,1705.7,2.1,1703.3,1.7
Kr,L2N2,1717.86,0.75,,
Kr,L2N3,1718.52,0.73,,
Kr,L2 edge,1732.49,0.36,1729.66,0.36
Kr,L3M1,1386.9,1.4,,
Kr,L3M2,1457.7,1.4,,
Kr,L3M3,1465.3,1.3,,
Kr,L3M4,1584.63,0.83,1585.411,26.0
Kr,L3M5,1585.88,0.83,1585.411,26.0
Kr,L3N1,1653.2,2.1,1650.9,1.3
Kr,L3N2,1665.43,0.7,,
Kr,L3N3,1666.09,0.68,,
Kr,L3 edge,1680.06,0.31,1677.25,0.34
Rb,KL1,13135.18,0.93,,
Rb,KL2,13335.75,0.56,13335.88,0.21
Rb,KL3,13395.05,0.51,13395.49,0.19
Rb,KM1,14878.6,1.2,,
Rb,KM2,14952.7,1.3,14951.86,0.8
Rb,KM3,14961.6,1.2,14961.42,0.53
Rb,KM4,15088.21,0.76,15084.8,2.7
Rb,KM5,15089.65,0.75,15084.8,2.7
Rb,KN1,15166.8,2.0,,
Rb,KN2,15185.59,0.61,15185.54,0.83
Rb,KN3,15186.55,0.61,15185.54,0.83
Rb,KN4,,,15205.1,5.5
Rb,KN5,,,15205.1,5.5
Rb,K edge,15207.74,0.22,15202.5,1.4
Rb,L1M1,1743.4,1.8,,
Rb,L1M2,1817.6,1.9,1817.74,0.12
Rb,L1M3,1826.4,1.8,1826.6,0.12
Rb,L1M4,1953.0,1.4,,
Rb,L1M5,1954.5,1.3,,
Rb,L1N1,2031.6,2.5,,
Rb,L1N2,2050.4,1.2,2050.72,0.15
Rb,L1N3,2051.4,1.2,2050.72,0.15
Rb,L1 edge,2072.55,0.81,2063.6,2.5
Rb,L2M1,1542.9,1.4,1541.78,0.11
Rb,L2M2,1617.0,1.4,,
Rb,L2M3,1625.9,1.3,,
Rb,L2M4,1752.46,0.9,1752.18,0.11
Rb,L2M5,1753.9,0.88,,
Rb,L2N1,1831.0,2.1,1835.33,0.12
Rb,L2N2,1849.84,0.75,,
Rb,L2N3,1850.79,0.74,,
Rb,L2 edge,1871.98,0.36,1866.08,0.42
Rb,L3M1,1483.6,1.4,1482.4,0.1
Rb,L3M2,1557.7,1.4,,
Rb,L3M3,1566.6,1.3,,
Rb,L3M4,1693.16,0.85,1692.57,0.1
Rb,L3M5,1694.6,0.84,1694.141,69.0
Rb,L3N1,1771.7,2.0,1775.18,0.11
Rb,L3N2,1790.54,0.7,,
Rb,L3N3,1791.5,0.7,,
Rb,L3 edge,1812.69,0.31,1806.8,0.39
Sr,KL1,13889.75,0.96,,
Sr,KL2,14098.01,0.57,14098.03,0.24
Sr,KL3,14164.8,0.51,14165.2,0.24
Sr,KM1,15748.1,1.2,,
Sr,KM2,15826.2,1.3,15825.17,0.9
Sr,KM3,15836.3,1.2,15835.89,0.6
Sr,KM4,15970.2,0.77,15968.9,3.0
Sr,KM5,15971.9,0.76,15968.9,3.0
Sr,KN1,16068.8,2.1,,
Sr,KN2,16085.68,0.68,16084.68,0.93
Sr,KN3,16086.84,0.41,16084.68,0.93
Sr,KN4,,,16103.9,1.5
Sr,KN5,,,16103.9,1.5
Sr,K edge,16115.26,0.23,16107.2,1.5
Sr,L1M1,1858.4,1.8,,
Sr,L1M2,1936.4,1.9,1936.44,0.13
Sr,L1M3,1946.6,1.8,1947.2,0.14
Sr,L1M4,2080.5,1.4,,
Sr,L1M5,2082.2,1.4,,
Sr,L1N1,2179.0,2.7,,
Sr,L1N2,2195.9,1.3,2196.52,0.17
Sr,L1N3,2197.1,1.0,2196.52,0.17
Sr,L1 edge,2225.51,0.83,2217.1,2.9
Sr,L2M1,1650.1,1.4,1649.337,97.0
Sr,L2M2,1728.1,1.4,,
Sr,L2M3,1738.3,1.3,,
Sr,L2M4,1872.19,0.92,1871.74,0.13
Sr,L2M5,1873.88,0.89,,
Sr,L2N1,1970.7,2.2,1969.19,0.14
Sr,L2N2,1987.67,0.82,,
Sr,L2N3,1988.82,0.55,,
Sr,L2 edge,2017.25,0.36,2008.46,0.48
Sr,L3M1,1583.3,1.4,1582.174,90.0
Sr,L3M2,1661.4,1.4,,
Sr,L3M3,1671.5,1.3,,
Sr,L3M4,1805.4,0.86,1804.77,0.12
Sr,L3M5,1807.1,0.85,1806.585,78.0
Sr,L3N1,1904.0,2.2,1901.83,0.13
Sr,L3N2,1920.88,0.76,,
Sr,L3N3,1922.04,0.5,,
Sr,L3 edge,1950.46,0.31,1941.17,0.45
Y,KL1,14667.13,0.99,,
Y,KL2,14883.0,0.58,14882.94,0.26
Y,KL3,14958.14,0.53,14958.54,0.27
Y,KM1,16644.7,1.2,,
Y,KM2,16726.8,1.3,16725.9,1.0
Y,KM3,16738.4,1.2,16738.08,0.67
Y,KM4,16879.2,0.81,16879.8,3.4
Y,KM5,16881.39,0.79,16879.8,3.4
Y,KN1,16994.8,2.3,,
Y,KN2,17012.08,0.62,17015.6,1.4
Y,KN3,17015.3,0.49,17015.6,1.4
Y,KN4,17040.9,0.59,17036.2,1.7
Y,KN5,,,17036.2,1.7
Y,K edge,17047.9,0.24,17036.612,50.0
Y,L1M1,1977.5,1.8,,
Y,L1M2,2059.6,1.9,2059.99,0.15
Y,L1M3,2071.3,1.8,2072.17,0.15
Y,L1M4,2212.1,1.4,,
Y,L1M5,2214.3,1.4,,
Y,L1N1,2327.7,2.9,,
Y,L1N2,2345.0,1.2,2346.82,0.2
Y,L1N3,2348.2,1.1,2346.82,0.2
Y,L1N4,2373.8,1.2,,
Y,L1 edge,2380.76,0.85,2376.5,3.4
Y,L2M1,1761.7,1.3,1760.96,0.11
Y,L2M2,1843.8,1.4,,
Y,L2M3,1855.4,1.3,,
Y,L2M4,1996.2,0.93,1995.85,0.14
Y,L2M5,1998.39,0.91,,
Y,L2N1,2111.8,2.4,2110.19,0.16
Y,L2N2,2129.08,0.74,,
Y,L2N3,2132.3,0.61,,
Y,L2N4,2157.9,0.71,,
Y,L2 edge,2164.89,0.36,2153.97,0.55
Y,L3M1,1686.5,1.4,1685.39,0.1
Y,L3M2,1768.6,1.4,,
Y,L3M3,1780.3,1.3,,
Y,L3M4,1921.07,0.88,1920.48,0.13
Y,L3M5,1923.26,0.86,1922.564,88.0
Y,L3N1,2036.7,2.4,2034.43,0.15
Y,L3N2,2053.95,0.69,,
Y,L3N3,2057.16,0.56,,
Y,L3N4,2082.77,0.66,,
Y,L3 edge,2089.76,0.31,2079.54,0.52
Zr,KL1,15467.0,1.0,,
Zr,KL2,15690.61,0.6,15690.645,50.0
Zr,KL3,15774.87,0.54,15774.914,54.0
Zr,KM1,17568.0,1.2,,
Zr,KM2,17654.1,1.3,17652.628,75.0
Zr,KM3,17667.4,1.2,17666.578,76.0
Zr,KM4,17815.21,0.83,17816.1,3.8
Zr,KM5,17817.98,0.81,17816.1,3.8
Zr,KN1,17948.5,2.5,,
Zr,KN2,17966.67,0.73,17970.3,1.5
Zr,KN3,17971.47,0.56,17970.3,1.5
Zr,KN4,18000.09,0.75,17994.3,1.9
Zr,KN5,,,17994.3,1.9
Zr,K edge,18008.15,0.26,17995.872,80.0
Zr,L1M1,2101.0,1.8,,
Zr,L1M2,2187.1,1.9,2187.714,36.0
Zr,L1M3,2200.4,1.8,2201.063,32.0
Zr,L1M4,2348.2,1.4,,
Zr,L1M5,2350.9,1.4,,
Zr,L1N1,2481.5,3.1,,
Zr,L1N2,2499.6,1.3,2502.87,0.22
Zr,L1N3,2504.4,1.2,2502.87,0.22
Zr,L1N4,2533.0,1.4,,
Zr,L1 edge,2541.1,0.87,2541.1,3.9
Zr,L2M1,1877.4,1.3,1876.56,0.13
Zr,L2M2,1963.5,1.4,,
Zr,L2M3,1976.8,1.3,,
Zr,L2M4,2124.59,0.94,2124.394,28.0
Zr,L2M5,2127.36,0.93,,
Zr,L2N1,2257.9,2.6,2255.17,0.18
Zr,L2N2,2276.06,0.83,,
Zr,L2N3,2280.86,0.66,,
Zr,L2N4,2309.48,0.86,2302.66,0.19
Zr,L2 edge,2317.53,0.36,2305.36,0.63
Zr,L3M1,1793.2,1.4,1792.111,23.0
Zr,L3M2,1879.2,1.4,,
Zr,L3M3,1892.6,1.3,,
Zr,L3M4,2040.34,0.89,2040.19,0.16
Zr,L3M5,2043.11,0.87,2042.489,27.0
Zr,L3N1,2173.7,2.5,2171.28,0.17
Zr,L3N2,2191.8,0.78,,
Zr,L3N3,2196.6,0.62,,
Zr,L3N4,2225.22,0.81,2219.4,0.18
Zr,L3N5,,,2219.4,0.18
Zr,L3 edge,2233.28,0.32,2222.3,0.59
Nb,KL1,16290.1,1.0,,
Nb,KL2,16521.35,0.62,16521.28,0.33
Nb,KL3,16615.65,0.56,16615.16,0.33
Nb,KM1,18518.9,1.2,,
Nb,KM2,18608.8,1.4,18606.5,1.2
Nb,KM3,18624.0,1.2,18622.68,0.83
Nb,KM4,18778.45,0.87,,
Nb,KM5,18782.22,0.85,,
Nb,KN1,18930.5,2.6,,
Nb,KN2,18948.34,0.9,18952.9,1.7
Nb,KN3,18955.56,0.63,18952.9,1.7
Nb,KN4,18985.99,0.83,18981.3,2.2
Nb,KN5,,,18981.3,2.2
Nb,K edge,18990.67,0.27,18982.961,40.0
Nb,L1M1,2228.7,1.8,,
Nb,L1M2,2318.7,2.0,2319.38,0.19
Nb,L1M3,2333.9,1.8,2334.8,0.2
Nb,L1M4,2488.3,1.5,,
Nb,L1M5,2492.1,1.5,,
Nb,L1N1,2640.4,3.3,,
Nb,L1N2,2658.2,1.5,2663.88,0.17
Nb,L1N3,2665.4,1.3,2663.88,0.17
Nb,L1N4,2695.8,1.4,,
Nb,L1 edge,2700.53,0.88,2710.0,4.4
Nb,L2M1,1997.5,1.3,1996.21,0.14
Nb,L2M2,2087.5,1.5,,
Nb,L2M3,2102.7,1.3,,
Nb,L2M4,2257.11,0.96,2257.38,0.18
Nb,L2M5,2260.88,0.94,,
Nb,L2N1,2409.2,2.8,2406.63,0.21
Nb,L2N2,2426.99,0.98,,
Nb,L2N3,2434.21,0.72,,
Nb,L2N4,2464.64,0.91,2461.87,0.22
Nb,L2 edge,2469.32,0.35,2464.37,0.72
Nb,L3M1,1903.2,1.4,1902.27,0.13
Nb,L3M2,1993.2,1.4,,
Nb,L3M3,2008.4,1.3,,
Nb,L3M4,2162.8,0.9,2163.02,0.17
Nb,L3M5,2166.57,0.88,2165.89,0.11
Nb,L3N1,2314.8,2.7,2312.54,0.19
Nb,L3N2,2332.68,0.93,,
Nb,L3N3,2339.9,0.66,,
Nb,L3N4,2370.34,0.86,2367.02,0.2
Nb,L3N5,,,2367.02,0.2
Nb,L3 edge,2375.01,0.3,2370.6,0.67
Mo,KL1,17135.0,1.1,,
Mo,KL2,17374.18,0.62,17374.29,0.29
Mo,KL3,17479.1,0.55,17479.372,10.0
Mo,KM1,19495.8,1.2,,
Mo,KM2,19589.9,1.4,19590.25,0.41
Mo,KM3,19607.1,1.2,19608.34,0.42
Mo,KM4,19768.7,0.89,19771.4,2.3
Mo,KM5,19772.81,0.85,19776.4,2.3
Mo,KN1,19940.3,2.8,,
Mo,KN2,19960.0,1.1,19965.27,0.95
Mo,KN3,19967.16,0.68,19965.27,0.95
Mo,KN4,20000.73,0.83,19996.8,4.3
Mo,KN5,19999.84,0.35,19996.8,4.3
Mo,K edge,20008.81,0.28,20000.351,20.0
Mo,L1M1,2360.9,1.8,,
Mo,L1M2,2454.9,2.0,2455.68,0.22
Mo,L1M3,2472.1,1.8,2473.07,0.22
Mo,L1M4,2633.7,1.5,,
Mo,L1M5,2637.8,1.5,,
Mo,L1N1,2805.3,3.4,,
Mo,L1N2,2825.1,1.7,2830.65,0.19
Mo,L1N3,2832.2,1.3,2830.65,0.19
Mo,L1N4,2865.8,1.4,,
Mo,L1N5,2864.87,0.96,,
Mo,L1 edge,2873.84,0.88,2880.6,5.0
Mo,L2M1,2121.7,1.3,2120.26,0.16
Mo,L2M2,2215.7,1.5,,
Mo,L2M3,2232.9,1.3,,
Mo,L2M4,2394.52,0.97,2394.831,55.0
Mo,L2M5,2398.63,0.95,,
Mo,L2N1,2566.1,2.9,2563.26,0.16
Mo,L2N2,2585.9,1.2,,
Mo,L2N3,2592.98,0.78,,
Mo,L2N4,2626.55,0.92,2623.52,0.16
Mo,L2N5,2625.66,0.44,,
Mo,L2 edge,2634.63,0.36,2627.3,0.82
Mo,L3M1,2016.7,1.4,2015.71,0.15
Mo,L3M2,2110.8,1.4,,
Mo,L3M3,2128.0,1.2,,
Mo,L3M4,2289.6,0.92,2289.875,50.0
Mo,L3M5,2293.71,0.89,2293.187,50.0
Mo,L3N1,2461.2,2.9,2455.68,0.36
Mo,L3N2,2480.9,1.1,,
Mo,L3N3,2488.06,0.72,,
Mo,L3N4,2521.63,0.86,2518.33,0.15
Mo,L3N5,2520.74,0.38,2518.33,0.15
Mo,L3 edge,2529.71,0.31,2523.56,0.76
Tc,KL1,18003.8,1.1,,
Tc,KL2,18251.28,0.65,18250.9,1.2
Tc,KL3,18367.56,0.58,18367.2,1.2
Tc,KM1,20501.2,1.2,,
Tc,KM2,20599.4,1.4,20599.2,2.0
Tc,KM3,20618.7,1.2,20619.0,2.0
Tc,KM4,20787.8,0.92,,
Tc,KM5,20792.02,0.89,,
Tc,KN1,20977.3,3.0,,
Tc,KN2,20999.2,1.4,21005.4,2.6
Tc,KN3,21006.03,0.79,21005.4,2.6
Tc,KN4,21042.72,0.85,,
Tc,KN5,21043.05,0.75,,
Tc,K edge,21050.47,0.3,21047.49,0.53
Tc,L1M1,2497.4,1.8,,
Tc,L1M2,2595.6,2.0,,
Tc,L1M3,2614.9,1.8,,
Tc,L1M4,2784.0,1.5,,
Tc,L1M5,2788.2,1.5,,
Tc,L1N1,2973.4,3.6,,
Tc,L1N2,2995.4,2.0,,
Tc,L1N3,3002.2,1.4,,
Tc,L1N4,3038.9,1.5,,
Tc,L1N5,3039.2,1.4,,
Tc,L1 edge,3046.63,0.91,3055.3,5.6
Tc,L2M1,2249.9,1.3,,
Tc,L2M2,2348.2,1.5,,
Tc,L2M3,2367.5,1.3,,
Tc,L2M4,2536.52,0.99,2536.83,0.61
Tc,L2M5,2540.74,0.96,,
Tc,L2N1,2726.0,3.0,,
Tc,L2N2,2747.9,1.5,,
Tc,L2N3,2754.75,0.86,,
Tc,L2N4,2791.44,0.91,,
Tc,L2N5,2791.77,0.81,,
Tc,L2 edge,2799.19,0.36,2794.91,0.93
Tc,L3M1,2133.6,1.4,,
Tc,L3M2,2231.9,1.4,,
Tc,L3M3,2251.2,1.2,,
Tc,L3M4,2420.24,0.93,,
Tc,L3M5,2424.46,0.9,2423.99,0.21
Tc,L3N1,2609.7,3.0,,
Tc,L3N2,2631.7,1.4,,
Tc,L3N3,2638.46,0.8,,
Tc,L3N4,2675.15,0.86,,
Tc,L3N5,2675.49,0.76,,
Tc,L3 edge,2682.91,0.31,2677.8,0.86
Ru,KL1,18895.0,1.1,,
Ru,KL2,19150.67,0.66,19150.49,0.18
Ru,KL3,19279.51,0.6,19279.16,0.18
Ru,KM1,21533.3,1.2,,
Ru,KM2,21635.7,1.4,21634.65,0.16
Ru,KM3,21657.5,1.2,21656.75,0.16
Ru,KM4,21833.74,0.95,21828.0,11.0
Ru,KM5,21838.57,0.92,21833.6,5.1
Ru,KN1,22046.6,3.1,,
Ru,KN2,22071.1,1.7,22074.3,1.7
Ru,KN3,22077.45,0.88,22074.3,1.7
Ru,KN4,22117.3,0.84,22104.6,5.2
Ru,KN5,22117.91,0.83,22104.6,5.2
Ru,K edge,22127.7,0.32,22119.56,0.58
Ru,L1M1,2638.3,1.8,,
Ru,L1M2,2740.7,2.0,2741.15,0.18
Ru,L1M3,2762.5,1.8,2763.39,0.27
Ru,L1M4,2938.7,1.6,,
Ru,L1M5,2943.6,1.5,,
Ru,L1N1,3151.6,3.7,,
Ru,L1N2,3176.1,2.3,3180.91,0.24
Ru,L1N3,3182.5,1.5,3180.91,0.24
Ru,L1N4,3222.3,1.5,,
Ru,L1N5,3222.9,1.4,,
Ru,L1 edge,3232.69,0.93,3232.9,6.2
Ru,L2M1,2382.6,1.3,2381.99,0.14
Ru,L2M2,2485.1,1.5,,
Ru,L2M3,2506.8,1.3,,
Ru,L2M4,2683.1,1.0,2683.263,26.0
Ru,L2M5,2687.9,0.97,,
Ru,L2N1,2895.9,3.2,2891.85,0.2
Ru,L2N2,2920.5,1.8,,
Ru,L2N3,2926.79,0.93,,
Ru,L2N4,2966.64,0.89,2964.52,0.21
Ru,L2N5,2967.25,0.88,,
Ru,L2 edge,2977.03,0.37,2966.1,1.1
Ru,L3M1,2253.8,1.4,2252.79,0.18
Ru,L3M2,2356.2,1.4,,
Ru,L3M3,2377.9,1.2,,
Ru,L3M4,2554.23,0.94,2554.33,55.0
Ru,L3M5,2559.06,0.91,2558.579,39.0
Ru,L3N1,2767.1,3.1,2763.39,0.27
Ru,L3N2,2791.6,1.7,,
Ru,L3N3,2797.95,0.87,,
Ru,L3N4,2837.79,0.83,2835.96,0.19
Ru,L3N5,2838.4,0.82,2835.96,0.19
Ru,L3 edge,2848.19,0.32,2837.77,0.96
Rh,KL1,19809.3,1.1,,
Rh,KL2,20073.48,0.67,20073.67,0.2
Rh,KL3,20215.75,0.6,20216.12,0.2
Rh,KM1,22586.0,1.2,,
Rh,KM2,22699.8,1.4,22698.83,0.17
Rh,KM3,22724.1,1.2,22723.59,0.17
Rh,KM4,22907.81,0.97,22909.6,5.6
Rh,KM5,22913.04,0.94,22916.8,5.6
Rh,KN1,23142.4,3.2,,
Rh,KN2,23169.9,2.1,23173.0,1.3
Rh,KN3,23175.6,0.96,23173.0,1.3
Rh,KN4,23218.69,0.83,23217.2,5.8
Rh,KN5,23219.47,0.87,23217.2,5.8
Rh,K edge,23230.23,0.32,23221.99,0.3
Rh,L1M1,2776.6,1.8,,
Rh,L1M2,2890.5,2.0,2890.84,0.2
Rh,L1M3,2914.8,1.8,2915.72,0.2
Rh,L1M4,3098.5,1.6,,
Rh,L1M5,3103.7,1.5,,
Rh,L1N1,3333.0,3.8,,
Rh,L1N2,3360.5,2.7,3364.06,0.27
Rh,L1N3,3366.3,1.6,3364.06,0.27
Rh,L1N4,3409.4,1.4,,
Rh,L1N5,3410.1,1.5,,
Rh,L1 edge,3420.89,0.92,3416.4,7.0
Rh,L2M1,2512.5,1.2,2519.1,0.15
Rh,L2M2,2626.3,1.5,,
Rh,L2M3,2650.6,1.3,,
Rh,L2M4,2834.3,1.0,2834.439,38.0
Rh,L2M5,2839.56,0.98,,
Rh,L2N1,3068.9,3.3,3065.0,0.22
Rh,L2N2,3096.4,2.1,,
Rh,L2N3,3102.1,1.0,,
Rh,L2N4,3145.21,0.87,3143.81,0.24
Rh,L2N5,3145.99,0.91,,
Rh,L2 edge,3156.74,0.37,3144.76,0.59
Rh,L3M1,2370.2,1.4,2376.55,0.2
Rh,L3M2,2484.1,1.4,,
Rh,L3M3,2508.4,1.2,,
Rh,L3M4,2692.06,0.96,2692.078,78.0
Rh,L3M5,2697.29,0.92,2696.775,78.0
Rh,L3N1,2926.6,3.2,2922.94,0.2
Rh,L3N2,2954.1,2.1,,
Rh,L3N3,2959.86,0.94,,
Rh,L3N4,3002.94,0.82,3001.27,0.22
Rh,L3N5,3003.73,0.86,3001.27,0.22
Rh,L3 edge,3014.48,0.31,3002.07,0.54
Pd,KL1,20747.8,1.1,,
Pd,KL2,21020.61,0.7,21020.15,0.22
Pd,KL3,21177.25,0.64,21177.08,0.17
Pd,KM1,23681.7,1.2,,
Pd,KM2,23792.0,1.3,23791.12,0.19
Pd,KM3,23819.5,1.2,23818.69,0.19
Pd,KM4,24011.0,1.0,23995.0,6.2
Pd,KM5,24016.22,0.99,23995.0,6.2
Pd,KN1,24267.0,3.6,,
Pd,KN2,24297.2,2.2,24299.4,0.28
Pd,KN3,24302.2,2.4,24299.4,0.28
Pd,KN4,24348.74,0.89,24344.0,14.0
Pd,KN5,24349.18,0.88,24344.0,14.0
Pd,K edge,24357.63,0.36,24352.59,0.2
Pd,L1M1,2934.0,1.8,,
Pd,L1M2,3044.3,1.9,3045.43,0.22
Pd,L1M3,3071.8,1.8,3072.98,0.23
Pd,L1M4,3263.2,1.6,3263.72,0.25
Pd,L1M5,3268.5,1.6,3269.58,0.26
Pd,L1N1,3519.3,4.1,,
Pd,L1N2,3549.4,2.8,3553.32,0.3
Pd,L1N3,3554.5,3.0,3553.32,0.3
Pd,L1N4,3601.0,1.5,,
Pd,L1N5,3601.4,1.5,,
Pd,L1 edge,3609.87,0.93,3607.3,1.6
Pd,L2M1,2661.1,1.3,2660.28,0.17
Pd,L2M2,2771.4,1.3,,
Pd,L2M3,2798.9,1.2,,
Pd,L2M4,2990.4,1.0,2990.25,53.0
Pd,L2M5,2995.6,1.0,,
Pd,L2N1,3246.4,3.6,3243.74,0.25
Pd,L2N2,3276.5,2.2,,
Pd,L2N3,3281.6,2.4,,
Pd,L2N4,3328.13,0.9,3328.74,0.26
Pd,L2N5,3328.56,0.89,,
Pd,L2 edge,3337.01,0.37,3330.35,0.13
Pd,L3M1,2504.5,1.3,2503.43,0.22
Pd,L3M2,2614.8,1.3,,
Pd,L3M3,2642.3,1.2,,
Pd,L3M4,2833.74,0.98,2833.312,67.0
Pd,L3M5,2838.97,0.95,2838.638,48.0
Pd,L3N1,3089.8,3.5,3087.06,0.23
Pd,L3N2,3119.9,2.2,,
Pd,L3N3,3125.0,2.4,,
Pd,L3N4,3171.5,0.85,3171.82,48.0
Pd,L3N5,3171.93,0.84,3171.82,48.0
Pd,L3 edge,3180.38,0.32,3173.01,0.12
Ag,KL1,21709.4,1.2,,
Ag,KL2,21990.67,0.72,21990.3,0.1
Ag,KL3,22162.99,0.66,22162.917,30.0
Ag,KM1,24797.4,1.2,,
Ag,KM2,24912.8,1.5,24911.54,0.3
Ag,KM3,24943.1,1.3,24942.42,0.3
Ag,KM4,25141.7,1.1,25145.5,1.5
Ag,KM5,25147.6,1.0,25145.5,1.5
Ag,KN1,25421.1,3.5,,
Ag,KN2,25455.6,2.9,25456.71,0.31
Ag,KN3,25457.8,2.0,25456.71,0.31
Ag,KN4,25509.99,0.91,25511.8,3.1
Ag,KN5,25510.83,0.99,25511.8,3.1
Ag,K edge,25523.71,0.39,25515.59,0.3
Ag,L1M1,3088.0,1.7,,
Ag,L1M2,3203.4,2.1,3203.487,61.0
Ag,L1M3,3233.6,1.8,3234.49,0.11
Ag,L1M4,3432.3,1.6,3432.91,0.13
Ag,L1M5,3438.2,1.6,3439.21,0.13
Ag,L1N1,3711.7,4.0,,
Ag,L1N2,3746.2,3.5,3743.25,0.15
Ag,L1N3,3748.3,2.6,3749.82,0.15
Ag,L1N4,3800.6,1.5,,
Ag,L1N5,3801.4,1.6,,
Ag,L1 edge,3814.27,0.97,3807.34,0.17
Ag,L2M1,2806.8,1.2,2806.11,0.19
Ag,L2M2,2922.1,1.5,,
Ag,L2M3,2952.4,1.3,,
Ag,L2M4,3151.1,1.0,3150.974,36.0
Ag,L2M5,3156.9,1.0,,
Ag,L2N1,3430.4,3.5,3428.35,0.13
Ag,L2N2,3465.0,2.9,,
Ag,L2N3,3467.1,2.0,,
Ag,L2N4,3519.32,0.89,3519.625,59.0
Ag,L2N5,3520.17,0.97,,
Ag,L2 edge,3533.04,0.38,3525.83,0.15
Ag,L3M1,2634.4,1.4,2633.66,0.17
Ag,L3M2,2749.8,1.4,,
Ag,L3M3,2780.1,1.2,,
Ag,L3M4,2978.72,0.99,2978.24,53.0
Ag,L3M5,2984.6,0.95,2984.34,32.0
Ag,L3N1,3258.1,3.4,3256.06,0.11
Ag,L3N2,3292.7,2.8,,
Ag,L3N3,3294.8,1.9,,
Ag,L3N4,3346.99,0.84,3347.842,40.0
Ag,L3N5,3347.84,0.92,3347.842,40.0
Ag,L3 edge,3360.71,0.32,3350.96,0.13
Cd,KL1,22694.5,1.2,,
Cd,KL2,22984.48,0.75,22984.05,0.2
Cd,KL3,23173.73,0.67,23173.98,0.2
Cd,KM1,25941.6,1.2,,
Cd,KM2,26061.4,1.5,26061.32,0.39
Cd,KM3,26095.1,1.3,26095.44,0.39
Cd,KM4,26301.2,1.1,,
Cd,KM5,26307.8,1.1,,
Cd,KN1,26604.9,3.5,,
Cd,KN2,26644.1,3.5,26644.07,0.59
Cd,KN3,26643.5,1.6,26644.07,0.59
Cd,KN4,26701.15,0.88,,
Cd,KN5,26702.5,1.1,,
Cd,K edge,26720.58,0.41,26713.29,0.2
Cd,L1M1,3247.1,1.7,,
Cd,L1M2,3366.9,2.1,3367.23,0.12
Cd,L1M3,3400.6,1.9,3401.48,0.12
Cd,L1M4,3606.7,1.7,3607.6,0.31
Cd,L1M5,3613.3,1.6,3614.49,0.14
Cd,L1N1,3910.4,4.1,,
Cd,L1N2,3949.6,4.1,3951.38,0.37
Cd,L1N3,3949.0,2.2,,
Cd,L1N4,4006.6,1.5,,
Cd,L1N5,4008.0,1.6,,
Cd,L1 edge,4026.07,0.98,4019.01,0.19
Cd,L2M1,2957.1,1.2,2956.782,94.0
Cd,L2M2,3076.9,1.5,,
Cd,L2M3,3110.6,1.3,,
Cd,L2M4,3316.7,1.1,3316.605,53.0
Cd,L2M5,3323.3,1.0,,
Cd,L2N1,3620.4,3.5,3619.38,0.14
Cd,L2N2,3659.6,3.5,,
Cd,L2N3,3659.0,1.6,,
Cd,L2N4,3716.67,0.85,3716.898,99.0
Cd,L2N5,3718.0,1.0,,
Cd,L2 edge,3736.1,0.39,3728.01,0.17
Cd,L3M1,2767.9,1.4,2767.376,82.0
Cd,L3M2,2887.7,1.4,,
Cd,L3M3,2921.4,1.2,,
Cd,L3M4,3127.5,1.0,3126.95,70.0
Cd,L3M5,3134.06,0.96,3133.755,47.0
Cd,L3N1,3431.2,3.4,3429.98,0.13
Cd,L3N2,3470.4,3.5,,
Cd,L3N3,3469.7,1.5,,
Cd,L3N4,3527.42,0.79,3528.159,59.0
Cd,L3N5,3528.74,0.97,3528.159,59.0
Cd,L3 edge,3546.84,0.32,3537.6,0.15
In,KL1,23703.5,1.2,,
In,KL2,24002.31,0.77,24002.03,0.28
In,KL3,24209.78,0.69,24209.75,0.22
In,KM1,27114.4,1.2,,
In,KM2,27238.6,1.5,27237.5,0.25
In,KM3,27276.1,1.3,27275.55,0.25
In,KM4,27489.7,1.1,27491.8,1.8
In,KM5,27497.1,1.1,27499.1,1.8
In,KN1,27819.7,3.7,,
In,KN2,27860.7,3.6,27861.2,0.93
In,KN3,27860.9,1.7,27861.2,0.93
In,KN4,27923.03,0.99,27928.4,3.7
In,KN5,27924.2,1.0,27928.4,3.7
In,K edge,27949.69,0.44,27940.39,0.3
In,L1M1,3410.9,1.7,,
In,L1M2,3535.1,2.1,3535.31,0.13
In,L1M3,3572.6,1.9,3573.14,0.14
In,L1M4,3786.1,1.7,3786.83,0.15
In,L1M5,3793.5,1.6,3794.26,0.15
In,L1N1,4116.2,4.3,,
In,L1N2,4157.2,4.2,4160.48,0.41
In,L1N3,4157.4,2.2,4160.48,0.41
In,L1N4,4219.5,1.5,,
In,L1N5,4220.6,1.6,,
In,L1 edge,4246.17,0.99,4237.26,0.21
In,L2M1,3112.1,1.2,3112.58,0.1
In,L2M2,3236.3,1.5,,
In,L2M3,3273.8,1.3,,
In,L2M4,3487.3,1.1,3487.244,58.0
In,L2M5,3494.8,1.0,,
In,L2N1,3817.4,3.7,3815.93,0.16
In,L2N2,3858.4,3.6,,
In,L2N3,3858.6,1.6,,
In,L2N4,3920.72,0.93,3920.848,73.0
In,L2N5,3921.84,0.98,,
In,L2 edge,3947.38,0.39,3939.32,0.19
In,L3M1,2904.6,1.4,2904.431,91.0
In,L3M2,3028.9,1.4,,
In,L3M3,3066.4,1.2,,
In,L3M4,3279.9,1.0,3279.322,77.0
In,L3M5,3287.28,0.97,3286.982,52.0
In,L3N1,3609.9,3.6,3608.27,0.14
In,L3N2,3651.0,3.5,,
In,L3N3,3651.1,1.5,,
In,L3N4,3713.24,0.87,3713.847,49.0
In,L3N5,3714.37,0.92,3713.847,49.0
In,L3 edge,3739.91,0.33,3730.25,0.17
Sn,KL1,24736.6,1.2,,
Sn,KL2,25044.3,0.79,25044.04,0.23
Sn,KL3,25271.34,0.72,25271.36,0.23
Sn,KM1,28316.1,1.2,,
Sn,KM2,28444.7,1.6,28444.43,0.33
Sn,KM3,28486.4,1.3,28486.26,0.33
Sn,KM4,28707.3,1.2,28710.2,3.0
Sn,KM5,28715.6,1.1,28716.2,3.0
Sn,KN1,29064.2,3.7,,
Sn,KN2,29096.05,0.8,29109.64,0.81
Sn,KN3,29109.2,1.8,29109.64,0.81
Sn,KN4,29175.4,1.1,29175.7,3.0
Sn,KN5,29176.7,1.1,29175.7,3.0
Sn,K edge,29209.79,0.47,29200.39,0.2
Sn,L1M1,3579.5,1.7,,
Sn,L1M2,3708.1,2.1,3708.33,0.15
Sn,L1M3,3749.8,1.9,3750.392,50.0
Sn,L1M4,3970.8,1.7,3971.63,0.17
Sn,L1M5,3979.0,1.6,3980.0,0.17
Sn,L1N1,4327.6,4.2,,
Sn,L1N2,4359.5,1.3,4376.83,0.46
Sn,L1N3,4372.6,2.3,4376.83,0.46
Sn,L1N4,4438.8,1.6,,
Sn,L1N5,4440.1,1.6,,
Sn,L1 edge,4473.2,0.99,4464.77,0.24
Sn,L2M1,3271.8,1.2,3272.37,0.12
Sn,L2M2,3400.4,1.5,,
Sn,L2M3,3442.1,1.3,,
Sn,L2M4,3663.1,1.1,3662.839,48.0
Sn,L2M5,3671.3,1.0,,
Sn,L2N1,4019.9,3.6,4019.2,0.17
Sn,L2N2,4051.76,0.72,,
Sn,L2N3,4064.9,1.7,,
Sn,L2N4,4131.1,1.0,4131.161,61.0
Sn,L2N5,4132.4,1.0,,
Sn,L2 edge,4165.49,0.39,4157.27,0.21
Sn,L3M1,3044.7,1.4,3045.014,100.0
Sn,L3M2,3173.4,1.4,,
Sn,L3M3,3215.0,1.2,,
Sn,L3M4,3436.0,1.0,3437.356,56.0
Sn,L3M5,3444.29,0.98,3444.011,42.0
Sn,L3N1,3792.9,3.6,3792.66,0.15
Sn,L3N2,3824.71,0.66,,
Sn,L3N3,3837.9,1.7,,
Sn,L3N4,3904.07,0.95,3904.894,55.0
Sn,L3N5,3905.32,0.95,3904.894,55.0
Sn,L3 edge,3938.45,0.33,3928.84,0.18
Sb,KL1,25793.9,1.2,,
Sb,KL2,26110.73,0.82,26110.78,0.25
Sb,KL3,26358.69,0.74,26358.86,0.25
Sb,KM1,29546.8,1.2,,
Sb,KM2,29680.0,1.6,29679.2,0.29
Sb,KM3,29726.0,1.4,29725.53,0.22
Sb,KM4,29954.6,1.2,29956.1,1.1
Sb,KM5,29963.8,1.2,29963.3,1.1
Sb,L1M1,3752.9,1.7,,
Sb,L1M2,3886.1,2.1,3886.42,0.16
Sb,L1M3,3932.1,1.9,3932.73,0.17
Sb,L1M4,4160.6,1.7,4161.64,0.19
Sb,L1M5,4169.9,1.7,4170.82,0.19
Sb,L1N1,4546.2,4.4,,
Sb,L1N2,4593.1,4.8,4599.95,0.51
Sb,L1N3,4594.0,2.4,4599.95,0.51
Sb,L1N4,4664.3,1.6,,
Sb,L1N5,4665.8,1.6,,
Sb,L1 edge,4707.3,1.0,4698.44,0.26
Sb,L2M1,3436.1,1.2,3436.65,0.13
Sb,L2M2,3569.3,1.5,,
Sb,L2M3,3615.3,1.3,,
Sb,L2M4,3843.9,1.1,3843.615,71.0
Sb,L2M5,3853.1,1.0,,
Sb,L2N1,4229.4,3.8,4228.78,0.19
Sb,L2N2,4276.3,4.2,,
Sb,L2N3,4277.2,1.8,,
Sb,L2N4,4347.56,0.96,4347.831,68.0
Sb,L2N5,4348.99,0.96,,
Sb,L2 edge,4390.54,0.4,4381.9,1.1
Sb,L3M1,3188.1,1.4,3188.63,0.11
Sb,L3M2,3321.3,1.4,,
Sb,L3M3,3367.3,1.2,,
Sb,L3M4,3595.9,1.0,3595.358,93.0
Sb,L3M5,3605.1,0.98,3604.756,62.0
Sb,L3N1,3981.4,3.7,3980.0,0.17
Sb,L3N2,4028.4,4.1,,
Sb,L3N3,4029.3,1.7,,
Sb,L3N4,4099.59,0.89,4100.826,60.0
Sb,L3N5,4101.02,0.91,4100.826,60.0
Sb,L3 edge,4142.58,0.33,4132.33,0.2
Te,KL1,26875.7,1.3,,
Te,KL2,27201.73,0.85,27201.99,0.26
Te,KL3,27472.09,0.77,27472.57,0.27
Te,L1M1,3931.2,1.7,,
Te,L1M2,4069.0,2.1,4069.52,0.18
Te,L1M3,4119.7,1.9,4120.48,0.18
Te,L1M4,4355.9,1.7,4355.16,0.2
Te,L1M5,4366.1,1.7,4367.16,0.2
Te,L1N1,4770.8,4.5,,
Te,L1N2,4820.7,5.0,4829.1,0.56
Te,L1N3,4822.8,2.7,4829.1,0.56
Te,L1N4,4896.6,1.6,,
Te,L1N5,4898.2,1.6,,
Te,L1 edge,4948.5,1.0,4939.73,0.29
Te,L2M1,3605.2,1.1,3605.9,0.14
Te,L2M2,3743.0,1.5,,
Te,L2M3,3793.7,1.3,,
Te,L2M4,4029.9,1.1,4029.63,0.12
Te,L2M5,4040.1,1.1,,
Te,L2N1,4444.8,3.8,4443.7,0.21
Te,L2N2,4494.7,4.4,,
Te,L2N3,4496.8,2.0,,
Te,L2N4,4570.67,0.97,4570.93,0.15
Te,L2N5,4572.25,0.97,,
Te,L2 edge,4622.56,0.4,4612.61,0.25
Te,L3M1,3334.8,1.4,3335.58,0.12
Te,L3M2,3472.6,1.4,,
Te,L3M3,3523.4,1.2,,
Te,L3M4,3759.5,1.1,3758.79,0.15
Te,L3M5,3769.73,0.99,3769.38,0.1
Te,L3N1,4174.4,3.8,4173.25,0.19
Te,L3N2,4224.4,4.4,,
Te,L3N3,4226.5,2.0,,
Te,L3N4,4300.31,0.91,4301.7,0.18
Te,L3N5,4301.89,0.91,4301.7,0.18
Te,L3 edge,4352.2,0.34,4341.88,0.23
I,KL1,27982.3,1.3,,
I,KL2,28317.62,0.87,28317.52,0.67
I,KL3,28611.94,0.79,28612.32,0.49
I,L1M1,4114.4,1.7,,
I,L1M2,4256.9,2.1,4257.53,0.19
I,L1M3,4312.8,1.9,4313.49,0.2
I,L1M4,4556.5,1.7,4556.43,0.22
I,L1M5,4567.8,1.7,4569.06,0.22
I,L1N1,5002.1,4.5,,
I,L1N2,5055.0,5.2,5065.67,0.61
I,L1N3,5059.5,3.0,5065.67,0.61
I,L1N4,5135.9,1.6,,
I,L1N5,5137.7,1.6,,
I,L1 edge,5197.2,1.0,5191.9,1.6
I,L2M1,3779.1,1.1,3780.19,0.15
I,L2M2,3921.6,1.5,,
I,L2M3,3977.5,1.3,,
I,L2M4,4221.2,1.1,4220.76,0.13
I,L2M5,4232.5,1.1,,
I,L2N1,4666.8,3.9,4666.08,0.23
I,L2N2,4719.6,4.6,,
I,L2N3,4724.2,2.4,,
I,L2N4,4800.58,0.96,4800.98,0.22
I,L2N5,4802.33,0.95,,
I,L2 edge,4861.84,0.38,4854.1,1.4
I,L3M1,3484.8,1.4,3485.06,0.13
I,L3M2,3627.3,1.4,,
I,L3M3,3683.2,1.2,,
I,L3M4,3926.9,1.1,3926.09,0.11
I,L3M5,3938.2,1.0,3937.7,0.11
I,L3N1,4372.5,3.8,4370.62,0.21
I,L3N2,4425.3,4.5,,
I,L3N3,4429.9,2.4,,
I,L3N4,4506.26,0.89,4507.58,0.19
I,L3N5,4508.01,0.89,4507.58,0.19
I,L3 edge,4567.52,0.32,4558.8,1.2
Xe,KL1,29112.8,3.1,,
Xe,KL2,29458.4,3.0,29458.25,50.0
Xe,KL3,29778.3,2.9,29778.78,0.1
Xe,L1M1,4303.2,1.9,,
Xe,L1M2,4450.2,2.3,4450.328,30.0
Xe,L1M3,4511.8,2.2,4512.028,30.0
Xe,L1M4,4763.2,2.0,,
Xe,L1M5,4775.8,2.0,,
Xe,L1N1,5240.5,4.7,,
Xe,L1N2,5296.0,5.5,5306.71,0.2
Xe,L1N3,5294.8,9.8,5306.71,0.2
Xe,L1N4,5382.5,1.8,,
Xe,L1N5,5384.3,1.8,,
Xe,L1 edge,5453.7,1.3,5452.89,0.35
Xe,L2M1,3957.6,1.2,3958.368,50.0
Xe,L2M2,4104.6,1.4,,
Xe,L2M3,4166.2,1.3,,
Xe,L2M4,4417.6,1.1,4417.668,30.0
Xe,L2M5,4430.2,1.1,,
Xe,L2N1,4895.0,3.9,,
Xe,L2N2,4950.5,4.6,,
Xe,L2N3,4949.2,8.9,,
Xe,L2N4,5036.95,0.93,,
Xe,L2N5,5038.78,0.89,,
Xe,L2 edge,5108.1,0.37,5103.83,0.31
Xe,L3M1,3637.8,1.4,3638.008,59.0
Xe,L3M2,3784.7,1.4,,
Xe,L3M3,3846.3,1.2,,
Xe,L3M4,4097.7,1.1,4097.378,30.0
Xe,L3M5,4110.3,1.0,4110.088,20.0
Xe,L3N1,4575.1,3.8,,
Xe,L3N2,4630.6,4.6,,
Xe,L3N3,4629.3,8.9,,
Xe,L3N4,4717.08,0.89,,
Xe,L3N5,4718.9,0.84,,
Xe,L3 edge,4788.22,0.32,4782.16,0.27
Cs,L1M1,4496.1,1.7,,
Cs,L1M2,4648.0,2.1,4649.45,0.52
Cs,L1M3,4715.2,2.0,4716.85,0.53
Cs,L1M4,4974.4,1.8,4975.21,0.59
Cs,L1M5,4988.1,1.7,5002.72,0.6
Cs,L1N1,5485.2,4.6,,
Cs,L1N2,5542.6,5.5,5542.1,0.73
Cs,L1N3,5552.5,4.3,5552.77,0.74
Cs,L1N4,5634.8,1.7,,
Cs,L1N5,5636.9,1.7,,
Cs,L1 edge,5721.4,1.0,5720.6,2.0
Cs,L2M1,4141.8,1.1,4142.13,0.41
Cs,L2M2,4293.7,1.5,,
Cs,L2M3,4360.9,1.3,,
Cs,L2M4,4620.0,1.1,4619.83,0.51
Cs,L2M5,4633.8,1.1,,
Cs,L2N1,5130.8,4.0,5128.75,0.63
Cs,L2N2,5188.3,4.8,,
Cs,L2N3,5198.1,3.6,,
Cs,L2N4,5280.4,1.1,5280.34,0.67
Cs,L2N5,5282.54,0.98,,
Cs,L2 edge,5367.05,0.39,5358.15,0.34
Cs,L3M1,3794.6,1.4,3794.99,0.34
Cs,L3M2,3946.5,1.4,,
Cs,L3M3,4013.7,1.2,,
Cs,L3M4,4272.9,1.1,4272.31,0.44
Cs,L3M5,4286.6,1.0,4286.49,0.44
Cs,L3N1,4783.7,3.9,4781.06,0.55
Cs,L3N2,4841.1,4.8,,
Cs,L3N3,4851.0,3.5,,
Cs,L3N4,4933.27,0.98,4936.0,0.58
Cs,L3N5,4935.36,0.92,4936.0,0.58
Cs,L3 edge,5019.87,0.32,5011.41,0.3
Ba,L1M1,4694.8,1.7,,
Ba,L1M2,4851.4,2.1,4851.97,0.56
Ba,L1M3,4925.0,2.0,4926.97,0.58
Ba,L1M4,5191.9,1.8,5194.28,0.64
Ba,L1M5,5207.0,1.7,5217.23,0.65
Ba,L1N1,5735.5,4.6,,
Ba,L1N2,5797.0,16.0,5810.11,0.2
Ba,L1N3,5810.4,1.7,5810.11,0.2
Ba,L1N4,5895.2,5.6,,
Ba,L1N5,5897.3,1.3,,
Ba,L1 edge,5997.7,1.0,5995.9,2.1
Ba,L2M1,4330.7,1.1,4330.96,0.67
Ba,L2M2,4487.4,1.5,,
Ba,L2M3,4560.9,1.3,,
Ba,L2M4,4827.8,1.2,4827.58,0.14
Ba,L2M5,4842.9,1.1,,
Ba,L2N1,5371.5,4.0,5370.7,1.0
Ba,L2N2,5433.0,15.0,,
Ba,L2N3,5446.4,1.1,,
Ba,L2N4,5531.1,5.0,5531.22,0.73
Ba,L2N5,5533.28,0.61,,
Ba,L2 edge,5633.67,0.39,5623.29,0.38
Ba,L3M1,3954.4,1.4,3954.15,0.37
Ba,L3M2,4111.1,1.4,,
Ba,L3M3,4184.6,1.3,,
Ba,L3M4,4451.5,1.1,4450.94,0.12
Ba,L3M5,4466.6,1.0,4466.3,0.12
Ba,L3N1,4995.2,3.9,4994.05,0.6
Ba,L3N2,5056.0,15.0,,
Ba,L3N3,5070.1,1.0,,
Ba,L3N4,5154.8,4.9,5156.58,0.19
Ba,L3N5,5156.97,0.55,5156.58,0.19
Ba,L3 edge,5257.36,0.32,5247.04,0.33
La,L1M1,4898.6,1.7,,
La,L1M2,5060.1,2.2,5061.79,0.38
La,L1M3,5140.5,2.0,5143.4,0.39
La,L1M4,5415.0,1.8,5416.99,0.71
La,L1M5,5431.7,1.8,5435.79,0.71
La,L1N1,5993.6,4.6,,
La,L1N2,6057.0,16.0,6060.73,0.29
La,L1N3,6072.4,1.7,6075.32,0.29
La,L1N4,6162.7,5.3,6167.1,0.61
La,L1N5,6164.6,1.3,6167.1,0.61
La,L1N6,,,6264.8,1.6
La,L1N7,,,6264.8,1.6
La,L1 edge,6279.0,1.0,6268.1,2.3
La,L2M1,4524.8,1.1,4524.9,7.3
La,L2M2,4686.2,1.5,,
La,L2M3,4766.7,1.3,,
La,L2M4,5041.2,1.2,5042.17,0.15
La,L2M5,5057.8,1.1,,
La,L2N1,5619.8,4.0,5620.13,0.48
La,L2N2,5683.0,15.0,,
La,L2N3,5698.6,1.1,,
La,L2N4,5788.8,4.7,5788.3,0.26
La,L2N5,5790.83,0.61,,
La,L2N6,,,5887.7,1.4
La,L2N7,,,5887.7,1.4
La,L2 edge,5905.22,0.39,5889.1,2.1
La,L3M1,4117.4,1.4,4124.5,6.1
La,L3M2,4278.9,1.4,,
La,L3M3,4359.3,1.3,,
La,L3M4,4633.8,1.1,4634.26,0.1
La,L3M5,4650.4,1.0,4651.02,0.13
La,L3N1,5212.4,3.9,5211.63,0.42
La,L3N2,5276.0,15.0,,
La,L3N3,5291.2,1.0,,
La,L3N4,5381.4,4.6,5382.87,0.23
La,L3N5,5383.43,0.55,5382.87,0.23
La,L3N6,,,5479.1,1.2
La,L3N7,,,5479.1,1.2
La,L3 edge,5497.83,0.32,5483.5,3.6
Ce,L1M1,5110.7,1.7,,
Ce,L1M2,5276.5,2.2,5277.35,0.43
Ce,L1M3,5364.7,2.0,5365.29,0.42
Ce,L1M4,5645.9,1.8,5644.98,0.5
Ce,L1M5,5665.0,1.8,5664.63,0.47
Ce,L1N1,6258.9,4.6,,
Ce,L1N2,6323.0,16.0,6326.39,0.59
Ce,L1N3,6341.2,1.7,6342.0,0.59
Ce,L1N4,6434.2,5.1,6439.95,0.34
Ce,L1N5,6438.0,1.3,6439.95,0.34
Ce,L1N6,6538.6,1.5,,
Ce,L1 edge,6550.4,1.1,6548.1,2.6
Ce,L2M1,4727.4,1.1,4731.6,1.1
Ce,L2M2,4893.1,1.5,,
Ce,L2M3,4981.4,1.4,,
Ce,L2M4,5262.5,1.2,5262.93,0.41
Ce,L2M5,5281.6,1.1,,
Ce,L2N1,5875.5,4.0,5874.9,0.51
Ce,L2N2,5940.0,15.0,,
Ce,L2N3,5957.9,1.1,,
Ce,L2N4,6050.8,4.4,6052.15,0.29
Ce,L2N5,6054.66,0.61,,
Ce,L2N6,6155.21,0.84,6161.57,0.61
Ce,L2N7,,,6161.57,0.61
Ce,L2 edge,6167.01,0.39,6160.9,2.3
Ce,L3M1,4286.8,1.4,4287.52,0.88
Ce,L3M2,4452.6,1.4,,
Ce,L3M3,4540.8,1.3,,
Ce,L3M4,4822.0,1.1,4823.17,0.34
Ce,L3M5,4841.1,1.1,4840.06,0.31
Ce,L3N1,5435.0,3.9,5433.24,0.43
Ce,L3N2,5499.0,15.0,,
Ce,L3N3,5517.34,0.99,,
Ce,L3N4,5610.3,4.3,5612.67,0.42
Ce,L3N5,5614.13,0.54,5612.67,0.42
Ce,L3N6,5714.67,0.78,5721.1,0.53
Ce,L3N7,,,5721.1,0.53
Ce,L3 edge,5726.47,0.32,5724.0,3.9
Pr,L1M1,5326.9,1.7,,
Pr,L1M2,5497.2,2.2,5498.1,1.4
Pr,L1M3,5593.5,2.1,5591.8,1.1
Pr,L1M4,5881.9,1.9,5884.0,1.7
Pr,L1M5,5903.2,1.8,5902.8,1.7
Pr,L1N1,6530.7,4.6,,
Pr,L1N2,6597.0,16.0,6598.0,2.1
Pr,L1N3,6617.0,1.7,6615.9,2.1
Pr,L1N4,6715.1,4.8,,
Pr,L1N5,6719.0,1.3,,
Pr,L1N6,6824.3,1.5,,
Pr,L1 edge,6836.8,1.1,6834.4,2.8
Pr,L2M1,4933.7,1.2,4935.6,8.7
Pr,L2M2,5104.0,1.5,,
Pr,L2M3,5200.4,1.4,,
Pr,L2M4,5488.7,1.2,5488.9,1.1
Pr,L2M5,5510.0,1.1,,
Pr,L2N1,6137.5,4.0,6136.2,1.8
Pr,L2N2,6204.0,15.0,,
Pr,L2N3,6223.8,1.0,,
Pr,L2N4,6321.9,4.1,6322.1,1.4
Pr,L2N5,6325.84,0.61,,
Pr,L2N6,6431.16,0.81,,
Pr,L2 edge,6443.6,0.39,6439.0,2.5
Pr,L3M1,4458.0,1.4,4453.23,0.95
Pr,L3M2,4628.2,1.4,,
Pr,L3M3,4724.6,1.3,,
Pr,L3M4,5012.9,1.1,5013.64,0.9
Pr,L3M5,5034.3,1.1,5033.79,0.6
Pr,L3N1,5661.8,3.9,5659.7,1.5
Pr,L3N2,5728.0,15.0,,
Pr,L3N3,5748.06,0.97,,
Pr,L3N4,5846.1,4.1,5849.9,1.6
Pr,L3N5,5850.08,0.54,5849.9,1.6
Pr,L3N6,5955.4,0.75,,
Pr,L3 edge,5967.84,0.33,5963.3,2.1
Nd,L1M1,5548.7,1.8,,
Nd,L1M2,5723.4,2.2,5721.6,1.2
Nd,L1M3,5828.5,2.1,5827.801,52.0
Nd,L1M4,6123.9,1.9,6124.97,0.41
Nd,L1M5,6147.7,1.8,6148.82,0.41
Nd,L1N1,6809.4,4.6,,
Nd,L1N2,6877.0,16.0,6884.03,0.34
Nd,L1N3,6899.8,1.7,6900.44,0.34
Nd,L1N4,7004.1,4.5,7007.74,0.36
Nd,L1N5,7007.2,1.3,7007.74,0.36
Nd,L1N6,7117.2,1.5,7122.1,2.0
Nd,L1N7,,,7122.1,2.0
Nd,L1 edge,7130.2,1.1,7129.52,0.61
Nd,L2M1,5145.6,1.2,5145.25,0.17
Nd,L2M2,5320.3,1.5,,
Nd,L2M3,5425.4,1.4,5424.4,1.2
Nd,L2M4,5720.8,1.2,5721.446,50.0
Nd,L2M5,5744.6,1.1,,
Nd,L2N1,6406.3,3.9,6405.29,0.33
Nd,L2N2,6474.0,15.0,,
Nd,L2N3,6496.8,1.0,,
Nd,L2N4,6601.0,3.8,6601.16,0.24
Nd,L2N5,6604.15,0.61,,
Nd,L2N6,6714.16,0.78,6718.98,0.61
Nd,L2N7,,,6718.98,0.61
Nd,L2 edge,6727.09,0.4,6723.55,0.54
Nd,L3M1,4632.4,1.5,4631.849,52.0
Nd,L3M2,4807.1,1.5,,
Nd,L3M3,4912.2,1.4,,
Nd,L3M4,5207.6,1.1,5207.7,1.1
Nd,L3M5,5231.4,1.1,5230.239,35.0
Nd,L3N1,5893.1,3.8,5892.99,0.25
Nd,L3N2,5961.0,15.0,,
Nd,L3N3,5983.57,0.95,,
Nd,L3N4,6087.8,3.8,6091.25,0.26
Nd,L3N5,6090.96,0.55,6091.25,0.26
Nd,L3N6,6200.97,0.71,6202.34,0.52
Nd,L3N7,,,6202.34,0.52
Nd,L3 edge,6213.9,0.33,6209.36,0.46
Pm,L1M1,5776.1,1.8,,
Pm,L1M2,5955.2,2.2,,
Pm,L1M3,6069.6,2.1,6071.3,1.8
Pm,L1M4,6372.1,1.9,,
Pm,L1M5,6398.5,1.8,,
Pm,L1N1,7094.5,4.6,,
Pm,L1N2,7163.0,16.0,,
Pm,L1N3,7189.3,1.7,,
Pm,L1N4,7301.2,4.3,,
Pm,L1N5,7302.3,1.4,,
Pm,L1N6,7416.9,1.5,,
Pm,L1 edge,7430.2,1.1,7435.7,3.3
Pm,L2M1,5363.0,1.3,,
Pm,L2M2,5542.1,1.5,,
Pm,L2M3,5656.5,1.5,,
Pm,L2M4,5959.1,1.2,5961.5,1.7
Pm,L2M5,5985.4,1.1,,
Pm,L2N1,6681.4,3.9,,
Pm,L2N2,6750.0,15.0,,
Pm,L2N3,6776.2,1.0,,
Pm,L2N4,6888.1,3.6,6892.1,5.1
Pm,L2N5,6889.17,0.65,,
Pm,L2N6,7003.78,0.8,,
Pm,L2 edge,7017.09,0.44,7014.2,2.9
Pm,L3M1,4810.0,1.5,,
Pm,L3M2,4989.2,1.5,,
Pm,L3M3,5103.6,1.4,,
Pm,L3M4,5406.1,1.1,5407.9,1.4
Pm,L3M5,5432.5,1.1,5432.6,1.1
Pm,L3N1,6128.5,3.8,,
Pm,L3N2,6197.0,15.0,,
Pm,L3N3,6223.31,0.97,,
Pm,L3N4,6335.2,3.5,6338.9,2.9
Pm,L3N5,6336.23,0.59,6338.9,2.9
Pm,L3N6,6450.84,0.72,,
Pm,L3 edge,6464.15,0.36,6460.44,0.5
Sm,L1M1,6009.1,1.9,,
Sm,L1M2,6192.8,2.3,6196.19,0.26
Sm,L1M3,6317.0,2.2,6316.36,0.13
Sm,L1M4,6627.0,2.0,6628.69,0.26
Sm,L1M5,6655.7,1.9,6655.6,0.14
Sm,L1N1,7387.5,4.7,,
Sm,L1N2,7429.0,16.0,7467.19,0.37
Sm,L1N3,7487.1,1.8,7486.82,0.2
Sm,L1N4,7608.0,4.0,7606.24,0.38
Sm,L1N5,7605.2,1.4,7606.24,0.38
Sm,L1N6,7724.4,1.5,7734.03,0.9
Sm,L1N7,,,7734.03,0.9
Sm,L1 edge,7737.9,1.2,7747.93,0.72
Sm,L2M1,5586.0,1.4,5585.55,0.91
Sm,L2M2,5769.7,1.6,,
Sm,L2M3,5893.8,1.5,5891.6,1.4
Sm,L2M4,6203.9,1.3,6204.073,93.0
Sm,L2M5,6232.6,1.2,,
Sm,L2N1,6964.4,3.9,6967.67,0.17
Sm,L2N2,7006.0,15.0,,
Sm,L2N3,7064.0,1.1,7064.27,0.81
Sm,L2N4,7184.9,3.3,7178.09,0.17
Sm,L2N5,7182.12,0.66,,
Sm,L2N6,7301.27,0.77,7308.0,0.86
Sm,L2N7,,,7308.0,0.86
Sm,L2 edge,7314.76,0.44,7313.3,0.64
Sm,L3M1,4990.9,1.5,4990.43,0.17
Sm,L3M2,5174.6,1.5,,
Sm,L3M3,5298.8,1.4,,
Sm,L3M4,5608.8,1.2,5609.053,61.0
Sm,L3M5,5637.6,1.1,5635.97,33.0
Sm,L3N1,6369.3,3.9,6369.72,0.14
Sm,L3N2,6411.0,15.0,,
Sm,L3N3,6468.88,0.99,6469.72,0.68
Sm,L3N4,6589.8,3.2,6587.17,0.14
Sm,L3N5,6587.03,0.58,6587.17,0.14
Sm,L3N6,6706.19,0.71,6711.75,0.73
Sm,L3N7,,,6711.75,0.73
Sm,L3 edge,6719.67,0.37,6717.36,0.54
Eu,L1M1,6248.4,2.1,,
Eu,L1M2,6436.5,2.3,6437.81,0.55
Eu,L1M3,6570.7,2.2,6571.57,0.58
Eu,L1M4,6888.3,2.0,6889.81,0.7
Eu,L1M5,6919.3,1.9,6919.15,0.71
Eu,L1N1,7687.2,4.5,7687.6,2.4
Eu,L1N2,7760.0,16.0,7768.1,0.81
Eu,L1N3,7791.0,1.8,7794.11,0.81
Eu,L1N4,7911.9,3.8,7914.56,0.36
Eu,L1N5,7914.2,1.4,7914.56,0.36
Eu,L1N6,8040.1,1.5,,
Eu,L1N7,8042.8,1.5,,
Eu,L1 edge,8053.7,1.2,8060.75,0.78
Eu,L2M1,5814.9,1.5,5816.67,0.81
Eu,L2M2,6003.0,1.6,,
Eu,L2M3,6137.3,1.5,6137.7,1.5
Eu,L2M4,6454.8,1.2,6455.72,0.56
Eu,L2M5,6485.9,1.2,,
Eu,L2N1,7253.8,3.8,7255.47,0.7
Eu,L2N2,7326.0,15.0,7331.4,2.2
Eu,L2N3,7357.6,1.0,,
Eu,L2N4,7478.5,3.0,7479.12,0.43
Eu,L2N5,7480.82,0.67,,
Eu,L2N6,7606.73,0.76,7612.87,0.94
Eu,L2N7,7609.4,0.75,7612.87,0.94
Eu,L2 edge,7620.28,0.45,7619.83,0.69
Eu,L3M1,5175.1,1.5,5177.15,0.64
Eu,L3M2,5363.2,1.5,,
Eu,L3M3,5497.5,1.4,5498.6,1.2
Eu,L3M4,5815.0,1.2,5816.61,0.45
Eu,L3M5,5846.1,1.1,5846.46,0.26
Eu,L3N1,6614.0,3.7,6614.56,0.59
Eu,L3N2,6687.0,15.0,,
Eu,L3N3,6717.81,0.94,,
Eu,L3N4,6838.6,2.9,6841.83,0.63
Eu,L3N5,6841.01,0.59,6841.83,0.63
Eu,L3N6,6966.92,0.69,6971.57,0.79
Eu,L3N7,6969.59,0.67,6971.57,0.79
Eu,L3 edge,6980.47,0.37,6980.59,0.58
Gd,L1M1,6492.2,2.2,,
Gd,L1M2,6684.8,2.3,6687.3,1.1
Gd,L1M3,6829.9,2.3,6831.0,1.1
Gd,L1M4,7155.0,2.0,7160.4,1.8
Gd,L1M5,7188.8,1.9,7191.6,1.9
Gd,L1N1,7994.8,4.4,,
Gd,L1N2,8069.6,4.9,8087.0,1.6
Gd,L1N3,8104.0,1.7,8105.0,1.6
Gd,L1N4,8224.9,3.4,8237.2,1.0
Gd,L1N5,8232.8,1.4,8237.2,1.0
Gd,L1N6,8365.2,1.5,,
Gd,L1N7,8368.5,1.5,,
Gd,L1 edge,8385.9,1.2,8386.25,0.84
Gd,L2M1,6048.3,1.6,6049.69,0.44
Gd,L2M2,6240.9,1.6,,
Gd,L2M3,6386.0,1.5,,
Gd,L2M4,6711.1,1.2,6713.4,1.1
Gd,L2M5,6744.9,1.2,6743.32,0.74
Gd,L2N1,7550.9,3.7,7554.4,1.4
Gd,L2N2,7625.7,4.1,7642.67,0.47
Gd,L2N3,7660.08,0.97,7657.7,1.2
Gd,L2N4,7781.0,2.7,7785.9,1.4
Gd,L2N5,7788.91,0.63,,
Gd,L2N6,7921.33,0.71,,
Gd,L2N7,7924.64,0.71,,
Gd,L2 edge,7942.02,0.41,7931.32,0.75
Gd,L3M1,5361.1,1.5,5362.09,0.69
Gd,L3M2,5553.7,1.5,,
Gd,L3M3,5698.9,1.5,5698.3,1.3
Gd,L3M4,6024.0,1.2,6024.99,0.87
Gd,L3M5,6057.8,1.1,6057.37,0.88
Gd,L3N1,6863.8,3.6,6867.3,1.1
Gd,L3N2,6938.5,4.0,,
Gd,L3N3,6972.94,0.89,,
Gd,L3N4,7093.9,2.6,7103.0,1.2
Gd,L3N5,7101.77,0.55,7103.0,1.2
Gd,L3N6,7234.19,0.63,,
Gd,L3N7,7237.5,0.63,,
Gd,L3 edge,7254.88,0.33,7243.23,0.63
Tb,L1M1,6744.2,2.3,,
Tb,L1M2,6941.7,2.4,6940.3,1.1
Tb,L1M3,7097.7,2.4,7096.1,1.2
Tb,L1M4,7431.3,2.0,7436.1,2.0
Tb,L1M5,7466.5,2.0,,
Tb,L1N1,8309.3,4.4,8313.88,0.56
Tb,L1N2,8386.9,4.8,8397.6,1.7
Tb,L1N3,8422.7,1.8,8423.9,1.7
Tb,L1N4,8546.2,3.2,8558.88,0.59
Tb,L1N5,8555.0,1.5,8558.88,0.59
Tb,L1N6,8694.9,1.5,,
Tb,L1N7,8697.5,1.5,,
Tb,L1 edge,8708.1,1.2,8717.03,0.91
Tb,L2M1,6290.0,1.7,6283.95,0.94
Tb,L2M2,6487.4,1.6,,
Tb,L2M3,6643.5,1.6,,
Tb,L2M4,6977.1,1.3,6977.8,1.7
Tb,L2M5,7012.3,1.2,7009.37,0.79
Tb,L2N1,7855.1,3.7,7853.4,1.5
Tb,L2N2,7932.7,4.0,7935.81,0.51
Tb,L2N3,7968.5,1.0,7968.42,0.49
Tb,L2N4,8091.9,2.5,8101.8,1.6
Tb,L2N5,8100.81,0.68,,
Tb,L2N6,8240.74,0.75,,
Tb,L2N7,8243.33,0.77,,
Tb,L2 edge,8253.93,0.46,8252.83,0.81
Tb,L3M1,5552.7,1.5,5546.81,0.73
Tb,L3M2,5750.1,1.5,,
Tb,L3M3,5906.2,1.5,,
Tb,L3M4,6239.8,1.2,6238.1,0.93
Tb,L3M5,6275.0,1.1,6272.82,0.94
Tb,L3N1,7117.8,3.6,7116.4,1.2
Tb,L3N2,7195.4,3.9,,
Tb,L3N3,7231.17,0.92,7226.9,1.3
Tb,L3N4,7354.6,2.4,7366.7,1.3
Tb,L3N5,7363.5,0.6,7366.7,1.3
Tb,L3N6,7503.43,0.68,,
Tb,L3N7,7506.02,0.69,,
Tb,L3 edge,7516.62,0.39,7515.45,0.67
Dy,L1M1,7001.1,2.5,,
Dy,L1M2,7203.4,2.4,7203.96,0.43
Dy,L1M3,7371.4,2.4,7370.2,1.3
Dy,L1M4,7713.1,2.1,7712.79,0.58
Dy,L1M5,7750.4,2.0,7749.57,0.59
Dy,L1N1,8627.7,2.9,,
Dy,L1N2,8707.4,3.0,8714.09,0.63
Dy,L1N3,8738.9,1.4,8753.34,0.64
Dy,L1N4,8875.1,2.9,,
Dy,L1N5,8885.1,1.4,8889.3,3.2
Dy,L1N6,9035.2,1.5,,
Dy,L1N7,9037.6,1.5,,
Dy,L1 edge,9048.0,1.2,9055.09,0.98
Dy,L2M1,6536.3,1.8,6534.22,0.36
Dy,L2M2,6738.6,1.6,,
Dy,L2M3,6906.6,1.6,6905.61,0.77
Dy,L2M4,7248.3,1.3,7247.8,0.44
Dy,L2M5,7285.7,1.2,7277.2,1.3
Dy,L2N1,8162.9,2.1,8166.19,0.56
Dy,L2N2,8242.6,2.2,,
Dy,L2N3,8274.1,0.56,8286.4,1.1
Dy,L2N4,8410.3,2.1,8418.94,0.59
Dy,L2N5,8420.27,0.63,,
Dy,L2N6,8570.38,0.71,,
Dy,L2N7,8572.86,0.72,,
Dy,L2 edge,8583.26,0.42,8583.06,0.88
Dy,L3M1,5746.0,1.5,5743.05,0.26
Dy,L3M2,5948.3,1.5,,
Dy,L3M3,6116.3,1.5,6114.8,1.5
Dy,L3M4,6458.0,1.2,6457.72,0.15
Dy,L3M5,6495.3,1.1,6495.27,0.15
Dy,L3N1,7372.5,2.0,7370.56,0.45
Dy,L3N2,7452.3,2.1,,
Dy,L3N3,7483.74,0.48,7494.77,0.91
Dy,L3N4,7620.0,2.1,7635.84,0.49
Dy,L3N5,7629.92,0.55,7635.84,0.49
Dy,L3N6,7780.03,0.62,,
Dy,L3N7,7782.5,0.65,,
Dy,L3 edge,7792.9,0.34,7789.79,0.72
Ho,L1M1,7264.1,2.6,,
Ho,L1M2,7471.3,2.5,7471.1,1.3
Ho,L1M3,7651.9,2.5,7651.8,1.4
Ho,L1M4,8001.8,2.1,8004.08,0.15
Ho,L1M5,8041.5,2.0,8044.61,0.14
Ho,L1N1,8962.6,4.2,,
Ho,L1N2,9045.6,4.5,9051.1,2.0
Ho,L1N3,9086.5,1.8,9087.6,2.0
Ho,L1N4,9216.4,2.7,,
Ho,L1N5,9228.1,1.5,,
Ho,L1N6,9382.7,1.5,,
Ho,L1N7,9385.0,1.6,,
Ho,L1 edge,9395.2,1.2,9399.7,1.1
Ho,L2M1,6788.7,2.0,6786.94,0.27
Ho,L2M2,6995.9,1.6,,
Ho,L2M3,7176.5,1.7,,
Ho,L2M4,7526.4,1.3,7525.67,0.15
Ho,L2M5,7566.1,1.2,,
Ho,L2N1,8487.3,3.5,8481.5,1.7
Ho,L2N2,8570.2,3.7,,
Ho,L2N3,8611.15,0.93,,
Ho,L2N4,8741.0,1.8,8747.2,1.8
Ho,L2N5,8752.71,0.63,,
Ho,L2N6,8907.28,0.7,,
Ho,L2N7,8909.6,0.74,,
Ho,L2 edge,8919.77,0.42,8916.38,0.95
Ho,L3M1,5942.2,1.6,5939.963,71.0
Ho,L3M2,6149.4,1.6,,
Ho,L3M3,6330.0,1.6,,
Ho,L3M4,6680.0,1.2,6678.484,54.0
Ho,L3M5,6719.6,1.1,6719.675,62.0
Ho,L3N1,7640.8,3.4,7635.8,1.4
Ho,L3N2,7723.8,3.6,7727.16,0.48
Ho,L3N3,7764.7,0.85,7763.52,0.49
Ho,L3N4,7894.5,1.8,7902.86,0.25
Ho,L3N5,7906.26,0.55,7911.35,0.25
Ho,L3N6,8060.83,0.62,,
Ho,L3N7,8063.15,0.65,,
Ho,L3 edge,8073.31,0.34,8067.56,0.78
Er,L1M1,7533.4,2.8,,
Er,L1M2,7745.5,2.5,7744.75,0.14
Er,L1M3,7939.5,2.6,7939.007,86.0
Er,L1M4,8297.8,2.1,8298.1,2.5
Er,L1M5,8339.9,2.1,8340.66,0.56
Er,L1N1,9300.7,4.2,,
Er,L1N2,9386.6,4.4,9385.5,2.1
Er,L1N3,9430.3,1.8,9431.2,1.1
Er,L1N4,9564.3,2.4,9569.15,0.74
Er,L1N5,9576.5,1.5,9569.15,0.74
Er,L1N6,9738.6,1.6,,
Er,L1N7,9740.7,1.6,,
Er,L1 edge,9750.6,1.3,9757.8,1.1
Er,L2M1,7047.1,2.1,7045.167,90.0
Er,L2M2,7259.3,1.7,,
Er,L2M3,7453.3,1.7,7461.31,0.45
Er,L2M4,7811.5,1.3,7810.19,0.42
Er,L2M5,7853.6,1.2,,
Er,L2N1,8814.5,3.4,8813.7,2.8
Er,L2N2,8900.3,3.5,,
Er,L2N3,8944.03,0.93,8946.94,0.65
Er,L2N4,9078.1,1.6,9088.9,2.0
Er,L2N5,9090.26,0.63,,
Er,L2N6,9252.38,0.7,,
Er,L2N7,9254.5,0.74,,
Er,L2 edge,9264.4,0.42,9262.1,1.0
Er,L3M1,6141.4,1.6,6138.86,0.14
Er,L3M2,6353.6,1.6,,
Er,L3M3,6547.6,1.6,,
Er,L3M4,6905.8,1.2,6904.5,0.17
Er,L3M5,6947.9,1.1,6947.913,77.0
Er,L3N1,7908.7,3.3,7909.6,1.5
Er,L3N2,7994.6,3.5,,
Er,L3N3,8038.29,0.84,,
Er,L3N4,8172.4,1.5,8189.11,0.72
Er,L3N5,8184.52,0.55,8189.11,0.72
Er,L3N6,8346.63,0.63,,
Er,L3N7,8348.75,0.65,,
Er,L3 edge,8358.66,0.34,8357.42,0.83
Tm,L1M1,7808.9,2.9,7814.0,2.5
Tm,L1M2,8026.1,2.6,8025.8,1.5
Tm,L1M3,8234.3,2.6,8230.9,1.6
Tm,L1M4,8600.9,2.2,8600.8,1.5
Tm,L1M5,8645.6,2.1,8648.6,1.5
Tm,L1N1,9646.7,4.1,,
Tm,L1N2,9735.6,4.3,9730.2,2.3
Tm,L1N3,9782.2,1.8,9779.3,2.3
Tm,L1N4,9921.0,2.2,,
Tm,L1N5,9933.1,1.5,,
Tm,L1N6,10102.9,1.6,,
Tm,L1N7,10104.8,1.7,,
Tm,L1 edge,10114.4,1.3,10121.0,1.2
Tm,L2M1,7311.8,2.2,7309.3,0.56
Tm,L2M2,7529.0,1.7,,
Tm,L2M3,7737.2,1.7,7728.6,2.4
Tm,L2M4,8103.8,1.3,8102.265,37.0
Tm,L2M5,8148.5,1.2,8146.0,1.6
Tm,L2N1,9149.6,3.3,9144.6,2.0
Tm,L2N2,9238.5,3.4,9225.2,2.1
Tm,L2N3,9285.08,0.92,,
Tm,L2N4,9423.9,1.3,9426.2,2.1
Tm,L2N5,9436.02,0.63,,
Tm,L2N6,9605.83,0.72,,
Tm,L2N7,9607.72,0.76,,
Tm,L2 edge,9617.34,0.43,9617.0,1.1
Tm,L3M1,6343.5,1.6,6341.96,0.83
Tm,L3M2,6560.7,1.6,6557.5,1.7
Tm,L3M3,6768.9,1.6,,
Tm,L3M4,7135.4,1.2,7133.715,78.0
Tm,L3M5,7180.1,1.1,7180.113,29.0
Tm,L3N1,8181.2,3.1,8177.2,1.6
Tm,L3N2,8270.1,3.4,8263.1,1.7
Tm,L3N3,8316.72,0.83,,
Tm,L3N4,8455.6,1.2,8468.7,1.7
Tm,L3N5,8467.65,0.55,8468.7,1.7
Tm,L3N6,8637.46,0.63,,
Tm,L3N7,8639.35,0.67,,
Tm,L3 edge,8648.97,0.34,8649.53,0.89
Yb,L1M1,8091.0,3.1,,
Yb,L1M2,8313.6,2.7,8313.26,0.25
Yb,L1M3,8536.8,2.8,8536.79,0.43
Yb,L1M4,8911.7,2.3,8913.31,0.14
Yb,L1M5,8958.9,2.2,8960.64,0.19
Yb,L1N1,10000.8,4.0,,
Yb,L1N2,10092.6,4.2,10089.79,0.85
Yb,L1N3,10142.0,1.8,10143.2,0.61
Yb,L1N4,10286.3,1.9,10297.9,0.86
Yb,L1N5,10298.3,1.6,10297.9,0.86
Yb,L1N6,10475.9,1.7,,
Yb,L1N7,10477.7,1.7,,
Yb,L1 edge,10486.8,1.4,10491.0,1.3
Yb,L2M1,7582.8,2.3,7580.24,0.34
Yb,L2M2,7805.4,1.8,7805.29,0.65
Yb,L2M3,8028.6,1.8,8024.08,0.52
Yb,L2M4,8403.6,1.4,8401.88,0.42
Yb,L2M5,8450.8,1.2,,
Yb,L2N1,9492.7,3.1,9491.1,1.1
Yb,L2N2,9584.4,3.2,,
Yb,L2N3,9633.83,0.89,,
Yb,L2N4,9778.2,1.0,9780.18,0.57
Yb,L2N5,9790.13,0.65,,
Yb,L2N6,9967.79,0.73,,
Yb,L2N7,9969.53,0.78,,
Yb,L2 edge,9978.7,0.44,9976.0,1.2
Yb,L3M1,6548.4,1.7,6545.54,0.26
Yb,L3M2,6771.0,1.7,6771.62,0.49
Yb,L3M3,6994.2,1.7,6995.85,0.4
Yb,L3M4,7369.1,1.3,7367.4,0.32
Yb,L3M5,7416.3,1.2,7415.7,0.26
Yb,L3N1,8458.2,3.0,8456.61,0.85
Yb,L3N2,8550.0,3.1,,
Yb,L3N3,8599.39,0.79,,
Yb,L3N4,8743.73,0.91,8758.91,0.46
Yb,L3N5,8755.69,0.55,8758.91,0.46
Yb,L3N6,8933.35,0.64,,
Yb,L3N7,8935.09,0.68,,
Yb,L3 edge,8944.26,0.35,8944.04,0.95
Lu,L1M1,8378.4,3.1,,
Lu,L1M2,8606.3,2.7,8606.54,0.44
Lu,L1M3,8845.6,2.7,8847.03,0.47
Lu,L1M4,9228.9,2.3,9231.7,2.0
Lu,L1M5,9279.7,2.2,9281.5,1.0
Lu,L1N1,10363.7,4.0,,
Lu,L1N2,10458.4,4.2,10460.0,2.6
Lu,L1N3,10512.0,1.9,10511.16,0.53
Lu,L1N4,10661.0,2.5,10667.3,1.2
Lu,L1N5,10673.5,1.6,10678.3,1.2
Lu,L1N6,10858.7,1.7,,
Lu,L1N7,10860.6,1.7,,
Lu,L1 edge,10877.2,1.4,10873.7,1.4
Lu,L2M1,7858.6,2.4,7857.43,0.74
Lu,L2M2,8086.5,1.7,8085.82,0.7
Lu,L2M3,8325.9,1.8,8323.17,0.56
Lu,L2M4,8709.1,1.3,8709.13,0.27
Lu,L2M5,8760.0,1.2,,
Lu,L2N1,9843.9,3.1,9843.0,1.2
Lu,L2N2,9938.7,3.3,,
Lu,L2N3,9992.28,0.91,,
Lu,L2N4,10141.2,1.5,10143.53,0.49
Lu,L2N5,10153.73,0.64,,
Lu,L2N6,10338.91,0.74,,
Lu,L2N7,10340.83,0.78,,
Lu,L2 edge,10357.43,0.44,10344.8,1.3
Lu,L3M1,6754.4,1.6,6752.85,0.54
Lu,L3M2,6982.4,1.6,6980.99,0.58
Lu,L3M3,7221.7,1.7,,
Lu,L3M4,7605.0,1.2,7604.92,0.35
Lu,L3M5,7655.8,1.2,7655.55,0.21
Lu,L3N1,8739.8,3.0,8737.92,0.91
Lu,L3N2,8834.5,3.2,,
Lu,L3N3,8888.09,0.81,,
Lu,L3N4,9037.0,1.4,9039.91,0.98
Lu,L3N5,9049.54,0.56,9049.01,0.29
Lu,L3N6,9234.72,0.65,,
Lu,L3N7,9236.64,0.68,,
Lu,L3 edge,9253.24,0.35,9249.0,1.0
Hf,L1M1,8672.4,3.1,8668.58,0.81
Hf,L1M2,8906.0,2.7,8905.5,0.47
Hf,L1M3,9162.4,2.8,9163.51,0.5
Hf,L1M4,9554.0,2.3,9550.4,0.98
Hf,L1M5,9608.4,2.2,9609.17,0.99
Hf,L1N1,10735.2,4.0,,
Hf,L1N2,10832.5,4.2,10833.64,0.7
Hf,L1N3,10890.5,1.9,10890.83,0.71
Hf,L1N4,11044.5,2.6,11045.2,1.3
Hf,L1N5,11057.8,1.6,11055.4,1.3
Hf,L1N6,11250.5,1.7,,
Hf,L1N7,11252.7,1.7,,
Hf,L1 edge,11277.2,1.4,11268.585,50.0
Hf,L2M1,8140.8,2.4,8139.33,0.4
Hf,L2M2,8374.4,1.7,8373.56,0.75
Hf,L2M3,8630.8,1.8,8631.28,0.8
Hf,L2M4,9022.4,1.3,9022.8,0.49
Hf,L2M5,9076.9,1.3,,
Hf,L2N1,10203.6,3.2,10201.2,0.62
Hf,L2N2,10301.0,3.3,,
Hf,L2N3,10358.9,0.9,,
Hf,L2N4,10512.9,1.6,10515.89,0.66
Hf,L2N5,10526.26,0.65,10525.9,1.2
Hf,L2N6,10718.95,0.75,10703.8,1.2
Hf,L2N7,10721.18,0.78,,
Hf,L2 edge,10745.6,0.45,10735.875,20.0
Hf,L3M1,6963.1,1.7,6959.63,0.29
Hf,L3M2,7196.7,1.7,7195.52,0.56
Hf,L3M3,7453.1,1.8,7453.28,0.6
Hf,L3M4,7844.7,1.2,7844.7,0.37
Hf,L3M5,7899.1,1.2,7899.08,0.37
Hf,L3N1,9025.9,3.0,9022.8,0.49
Hf,L3N2,9123.2,3.2,9123.93,0.89
Hf,L3N3,9181.18,0.81,9180.27,0.91
Hf,L3N4,9335.2,1.5,9337.21,0.52
Hf,L3N5,9348.54,0.55,9347.35,0.52
Hf,L3N6,9541.24,0.66,9525.01,0.97
Hf,L3N7,9543.46,0.69,9525.01,0.97
Hf,L3 edge,9567.88,0.36,9558.286,50.0
Ta,L1M1,8973.2,3.1,,
Ta,L1M2,9212.6,2.7,9212.47,0.3
Ta,L1M3,9487.1,2.8,9487.62,0.32
Ta,L1M4,9887.0,2.3,9889.3,2.3
Ta,L1M5,9945.3,2.2,9945.6,2.4
Ta,L1N1,11131.6,4.1,11117.4,1.3
Ta,L1N2,11231.7,4.2,11217.1,1.5
Ta,L1N3,11294.2,1.9,11277.68,0.61
Ta,L1N4,11507.0,2.7,11439.9,1.1
Ta,L1N5,11467.6,1.6,11458.1,1.1
Ta,L1N6,11667.8,1.7,,
Ta,L1N7,11670.4,1.8,,
Ta,L1 edge,11696.9,1.4,11682.1,1.6
Ta,L2M1,8429.6,2.4,8428.09,0.42
Ta,L2M2,8669.0,1.8,8668.56,0.49
Ta,L2M3,8943.4,1.9,8941.76,0.54
Ta,L2M4,9343.4,1.3,9343.19,0.31
Ta,L2M5,9401.7,1.3,9399.94,0.95
Ta,L2N1,10588.0,3.2,10570.6,1.3
Ta,L2N2,10688.1,3.2,10674.04,0.87
Ta,L2N3,10750.59,0.9,10731.6,1.4
Ta,L2N4,10963.4,1.7,10895.33,0.43
Ta,L2N5,10923.97,0.65,10906.84,0.77
Ta,L2N6,11124.17,0.77,11107.82,0.83
Ta,L2N7,11126.71,0.8,,
Ta,L2 edge,11153.23,0.46,11132.5,1.5
Ta,L3M1,7174.4,1.7,7173.2,0.31
Ta,L3M2,7413.8,1.7,7412.13,0.35
Ta,L3M3,7688.2,1.8,7686.65,0.38
Ta,L3M4,8088.2,1.2,8087.93,0.16
Ta,L3M5,8146.5,1.2,8146.17,0.16
Ta,L3N1,9332.8,3.1,9315.4,0.83
Ta,L3N2,9432.9,3.2,9416.1,1.1
Ta,L3N3,9495.4,0.8,9474.4,1.1
Ta,L3N4,9708.2,1.6,9639.5,0.55
Ta,L3N5,9668.78,0.56,9651.89,0.22
Ta,L3N6,9868.99,0.67,9857.23,0.46
Ta,L3N7,9871.52,0.7,9857.23,0.46
Ta,L3 edge,9898.04,0.36,9876.7,1.2
W,L1M1,9280.7,3.1,9278.1,0.68
W,L1M2,9526.0,2.8,9525.23,0.54
W,L1M3,9819.5,2.9,9818.91,0.46
W,L1M4,10227.8,2.3,10228.29,0.24
W,L1M5,10290.3,2.2,10291.13,0.22
W,L1N1,11505.8,4.2,11502.8,1.1
W,L1N2,11609.4,4.4,11610.5,0.44
W,L1N3,11676.1,1.9,11680.49,0.73
W,L1N4,11841.2,3.0,11843.9,3.3
W,L1N5,11855.6,1.6,11861.9,1.1
W,L1N6,12063.2,1.8,,
W,L1N7,12065.8,1.7,,
W,L1 edge,12106.9,1.4,12099.73,0.87
W,L2M1,8725.0,2.4,8724.42,0.25
W,L2M2,8970.3,1.8,8953.03,0.65
W,L2M3,9263.7,1.9,9268.72,0.48
W,L2M4,9672.1,1.3,9672.575,100.0
W,L2M5,9734.5,1.3,9735.08,0.73
W,L2N1,10950.1,3.3,10948.91,0.39
W,L2N2,11053.7,3.5,11045.2,0.96
W,L2N3,11120.32,0.9,11120.5,3.0
W,L2N4,11285.4,2.1,11286.0,0.46
W,L2N5,11299.89,0.66,,
W,L2N6,11507.48,0.79,11504.83,0.89
W,L2N7,11510.08,0.78,11514.6,1.1
W,L2 edge,11551.16,0.47,11538.6,1.6
W,L3M1,7388.1,1.7,7387.82,0.65
W,L3M2,7633.4,1.7,7631.41,0.86
W,L3M3,7926.8,1.8,7926.44,0.93
W,L3M4,8335.2,1.2,8335.34,0.17
W,L3M5,8397.6,1.2,8398.242,54.0
W,L3N1,9613.2,3.1,9608.199,74.0
W,L3N2,9716.8,3.4,9712.7,2.3
W,L3N3,9783.42,0.79,9767.238,77.0
W,L3N4,9948.5,2.0,9947.95,0.35
W,L3N5,9962.99,0.56,9964.133,78.0
W,L3N6,10170.58,0.69,10173.49,0.62
W,L3N7,10173.18,0.68,10173.49,0.62
W,L3 edge,10214.26,0.36,10200.1,1.2
Re,L1M1,9595.6,3.2,,
Re,L1M2,9846.8,2.8,9846.35,0.58
Re,L1M3,10160.4,2.9,10159.9,0.62
Re,L1M4,10577.3,2.3,10577.07,0.67
Re,L1M5,10643.9,2.3,10643.45,0.54
Re,L1N1,11903.6,4.2,11898.5,1.7
Re,L1N2,12009.5,4.3,12009.95,0.86
Re,L1N3,12081.9,1.9,12082.5,1.2
Re,L1N4,12252.1,3.0,12252.4,1.8
Re,L1N5,12267.6,1.6,12265.8,1.8
Re,L1N6,12483.0,2.3,,
Re,L1N7,12486.0,2.3,,
Re,L1 edge,12537.5,1.4,12531.1,1.9
Re,L2M1,9027.3,2.4,9027.27,0.49
Re,L2M2,9278.5,1.8,9275.9,1.0
Re,L2M3,9592.1,2.0,9591.0,1.1
Re,L2M4,10009.0,1.4,10010.04,0.24
Re,L2M5,10075.6,1.3,10075.8,1.2
Re,L2N1,11335.3,3.3,11334.18,0.77
Re,L2N2,11441.2,3.3,11438.5,1.6
Re,L2N3,11513.59,0.9,11515.0,1.6
Re,L2N4,11683.8,2.1,11685.53,0.82
Re,L2N5,11699.29,0.67,,
Re,L2N6,11914.7,1.3,11916.8,1.7
Re,L2N7,11917.7,1.4,,
Re,L2 edge,11969.17,0.47,11954.7,1.7
Re,L3M1,7604.4,1.7,7603.67,0.35
Re,L3M2,7855.7,1.7,7852.45,0.74
Re,L3M3,8169.3,1.9,8168.55,0.8
Re,L3M4,8586.2,1.2,8586.27,0.44
Re,L3M5,8652.8,1.2,8652.55,0.36
Re,L3N1,9912.4,3.1,9910.66,0.59
Re,L3N2,10018.4,3.2,,
Re,L3N3,10090.77,0.79,10093.8,1.2
Re,L3N4,10261.0,1.9,10261.82,0.63
Re,L3N5,10276.46,0.57,10275.35,0.5
Re,L3N6,10491.9,1.2,10493.6,1.3
Re,L3N7,10494.9,1.3,10493.6,1.3
Re,L3 edge,10546.35,0.36,10531.1,1.3
Os,L1M1,9917.6,3.2,,
Os,L1M2,10174.9,2.8,10175.5,0.62
Os,L1M3,10509.7,3.0,10510.99,0.92
Os,L1M4,10935.3,2.3,10937.72,0.71
Os,L1M5,11006.2,2.3,11007.25,0.87
Os,L1N1,12311.6,4.2,,
Os,L1N2,12420.7,4.3,12422.46,0.92
Os,L1N3,12498.4,1.9,12499.98,0.93
Os,L1N4,12674.3,3.2,12687.5,5.8
Os,L1N5,12690.3,1.6,12696.6,5.8
Os,L1N6,12913.5,2.3,,
Os,L1N7,12916.6,2.4,,
Os,L1 edge,12978.4,1.5,12971.6,2.0
Os,L2M1,9336.6,2.4,9337.07,0.73
Os,L2M2,9593.9,1.9,9585.8,2.2
Os,L2M3,9928.7,2.0,9934.5,2.4
Os,L2M4,10354.3,1.4,10355.42,0.64
Os,L2M5,10425.2,1.3,10420.7,0.91
Os,L2N1,11730.6,3.3,11730.42,0.82
Os,L2N2,11839.7,3.3,,
Os,L2N3,11917.4,0.9,11924.47,0.85
Os,L2N4,12093.3,2.2,12095.48,0.87
Os,L2N5,12109.35,0.67,,
Os,L2N6,12332.5,1.4,12336.5,3.6
Os,L2N7,12335.7,1.4,,
Os,L2 edge,12397.42,0.48,12380.9,1.8
Os,L3M1,7823.3,1.8,7822.33,0.51
Os,L3M2,8080.6,1.8,8078.6,1.6
Os,L3M3,8415.4,1.9,8414.1,1.7
Os,L3M4,8841.0,1.3,8841.1,0.47
Os,L3M5,8911.9,1.2,8911.83,0.47
Os,L3N1,10217.4,3.2,10217.0,0.62
Os,L3N2,10326.5,3.2,10324.46,0.89
Os,L3N3,10404.12,0.78,,
Os,L3N4,10580.0,2.1,10581.68,0.67
Os,L3N5,10596.08,0.56,10598.7,1.1
Os,L3N6,10819.2,1.3,10824.65,0.98
Os,L3N7,10822.4,1.3,10824.65,0.98
Os,L3 edge,10884.14,0.37,10868.0,1.4
Ir,L1M1,10246.9,3.2,10244.8,2.5
Ir,L1M2,10510.4,2.9,10510.72,0.4
Ir,L1M3,10867.5,3.0,10867.54,0.42
Ir,L1M4,11301.9,2.3,11301.74,0.61
Ir,L1M5,11377.4,2.4,11377.13,0.77
Ir,L1N1,12724.2,4.4,12695.3,3.8
Ir,L1N2,12836.6,4.5,12841.92,0.59
Ir,L1N3,12919.9,2.0,12924.11,1.0
Ir,L1N4,13101.5,3.4,13107.3,4.1
Ir,L1N5,13118.2,1.8,13125.4,4.1
Ir,L1N6,13349.0,2.5,,
Ir,L1N7,13352.4,2.5,,
Ir,L1 edge,13423.3,1.5,13423.8,2.2
Ir,L2M1,9653.0,2.5,9652.34,0.33
Ir,L2M2,9916.5,1.9,9917.0,3.5
Ir,L2M3,10273.7,2.0,10272.8,2.5
Ir,L2M4,10708.0,1.4,10708.35,0.41
Ir,L2M5,10783.6,1.4,10791.4,2.8
Ir,L2N1,12130.4,3.4,12134.31,0.88
Ir,L2N2,12242.7,3.5,12251.2,3.6
Ir,L2N3,12326.0,1.0,12331.6,5.4
Ir,L2N4,12507.6,2.5,12512.72,0.56
Ir,L2N5,12524.29,0.81,,
Ir,L2N6,12755.2,1.5,12760.5,1.2
Ir,L2N7,12758.5,1.6,,
Ir,L2 edge,12829.38,0.5,12820.0,2.0
Ir,L3M1,8044.7,1.8,8045.89,0.23
Ir,L3M2,8308.1,1.8,8304.2,2.5
Ir,L3M3,8665.3,1.9,8659.2,1.8
Ir,L3M4,9099.7,1.3,9099.62,0.49
Ir,L3M5,9175.2,1.3,9175.18,0.3
Ir,L3N1,10522.0,3.3,10525.17,0.4
Ir,L3N2,10634.3,3.4,10638.15,0.68
Ir,L3N3,10717.6,0.91,10725.1,4.1
Ir,L3N4,10899.2,2.4,10903.67,0.43
Ir,L3N5,10915.91,0.69,10920.47,0.43
Ir,L3N6,11146.8,1.4,11155.01,0.59
Ir,L3N7,11150.1,1.4,11155.01,0.59
Ir,L3 edge,11221.01,0.38,11212.0,1.5
Pt,L1M1,10583.9,3.2,10600.2,1.2
Pt,L1M2,10853.6,2.8,10854.41,0.7
Pt,L1M3,11234.4,3.0,11230.89,0.75
Pt,L1M4,11677.6,2.3,11676.3,1.1
Pt,L1M5,11757.9,2.3,11756.79,0.22
Pt,L1N1,13156.7,4.3,13112.9,4.1
Pt,L1N2,13272.5,4.4,13270.5,1.1
Pt,L1N3,13361.7,1.8,13361.5,1.1
Pt,L1N4,13549.0,3.4,,
Pt,L1N5,13566.4,1.7,13560.4,4.4
Pt,L1N6,13805.0,2.4,,
Pt,L1N7,13808.5,2.4,,
Pt,L1 edge,13888.7,1.4,13880.69,0.3
Pt,L2M1,9976.8,2.4,9975.2,2.4
Pt,L2M2,10246.6,1.9,10221.0,12.0
Pt,L2M3,10627.4,2.1,10626.8,1.3
Pt,L2M4,11070.5,1.4,11070.84,0.29
Pt,L2M5,11150.8,1.4,11140.5,3.0
Pt,L2N1,12549.6,3.4,12552.6,3.8
Pt,L2N2,12665.5,3.5,12661.6,3.8
Pt,L2N3,12754.62,0.91,12758.93,0.78
Pt,L2N4,12942.0,2.5,12942.19,0.6
Pt,L2N5,12959.33,0.76,,
Pt,L2N6,13198.0,1.5,13199.3,1.0
Pt,L2N7,13201.5,1.5,,
Pt,L2 edge,13281.67,0.51,13271.894,30.0
Pt,L3M1,8268.3,1.8,8268.2,1.6
Pt,L3M2,8538.0,1.8,8532.9,1.7
Pt,L3M3,8918.8,2.0,8922.8,1.9
Pt,L3M4,9362.0,1.3,9361.96,0.21
Pt,L3M5,9442.3,1.3,9442.39,0.32
Pt,L3N1,10841.1,3.2,10841.88,0.7
Pt,L3N2,10956.9,3.3,10962.2,2.9
Pt,L3N3,11046.07,0.78,11044.2,2.9
Pt,L3N4,11233.4,2.4,,
Pt,L3N5,11250.77,0.64,11250.66,0.45
Pt,L3N6,11489.5,1.3,11490.91,0.79
Pt,L3N7,11492.9,1.3,11490.91,0.79
Pt,L3 edge,11573.11,0.38,11562.755,20.0
Au,L1M1,10928.7,3.2,10921.15,0.71
Au,L1M2,11204.8,3.0,11204.81,0.45
Au,L1M3,11610.5,3.2,11610.5,1.4
Au,L1M4,12062.6,2.4,12061.8,1.2
Au,L1M5,12147.8,2.4,12147.6,1.2
Au,L1N1,13590.8,4.3,13578.2,2.2
Au,L1N2,13710.0,4.6,13709.7,0.67
Au,L1N3,13805.4,2.0,13809.1,1.1
Au,L1N4,13998.5,3.6,13999.3,1.6
Au,L1N5,14016.6,1.8,14019.9,1.6
Au,L1N6,14263.1,2.6,,
Au,L1N7,14266.8,2.5,,
Au,L1 edge,14362.2,1.6,14355.29,0.5
Au,L2M1,10308.2,2.6,10308.41,0.38
Au,L2M2,10584.3,2.0,10589.5,1.3
Au,L2M3,10990.0,2.1,10991.54,0.72
Au,L2M4,11442.0,1.4,11442.45,0.47
Au,L2M5,11527.2,1.3,11526.8,3.2
Au,L2N1,12970.3,3.5,12974.43,0.6
Au,L2N2,13089.4,3.5,,
Au,L2N3,13184.89,0.91,13186.8,4.2
Au,L2N4,13377.9,2.6,13381.79,0.64
Au,L2N5,13396.01,0.71,,
Au,L2N6,13642.5,1.5,13648.9,1.1
Au,L2N7,13646.2,1.5,,
Au,L2 edge,13741.67,0.52,13734.194,70.0
Au,L3M1,8494.3,1.8,8494.03,0.78
Au,L3M2,8770.4,1.8,8770.31,0.64
Au,L3M3,9176.1,2.0,9174.97,0.7
Au,L3M4,9628.1,1.3,9628.05,0.33
Au,L3M5,9713.3,1.2,9713.44,0.34
Au,L3N1,11156.4,3.3,11160.33,0.45
Au,L3N2,11275.5,3.4,11274.4,1.1
Au,L3N3,11371.0,0.78,11371.8,1.1
Au,L3N4,11564.0,2.5,11566.81,0.8
Au,L3N5,11582.12,0.57,11584.75,0.48
Au,L3N6,11828.7,1.4,11835.8,0.84
Au,L3N7,11832.3,1.4,11835.8,0.84
Au,L3 edge,11927.78,0.39,11919.694,60.0
Hg,L1M1,11281.1,3.2,11272.1,3.0
Hg,L1M2,11563.7,3.0,11563.1,1.1
Hg,L1M3,11995.6,3.1,11995.4,1.2
Hg,L1M4,12456.6,2.4,12456.97,0.52
Hg,L1M5,12547.1,2.3,12547.52,0.29
Hg,L1N1,14042.0,4.3,14045.8,4.7
Hg,L1N2,14164.7,4.6,14162.3,1.7
Hg,L1N3,14267.2,1.9,14264.8,1.7
Hg,L1N4,14465.5,3.6,,
Hg,L1N5,14484.8,1.7,14474.3,1.8
Hg,L1N6,14739.1,2.6,,
Hg,L1N7,14743.2,2.6,,
Hg,L1 edge,14850.8,1.5,14842.8,2.6
Hg,L2M1,10647.3,2.5,10651.4,1.4
Hg,L2M2,10929.8,2.0,10888.1,7.1
Hg,L2M3,11361.7,2.1,11357.9,7.7
Hg,L2M4,11822.7,1.4,11822.7,0.83
Hg,L2M5,11913.2,1.3,,
Hg,L2N1,13408.1,3.4,13410.3,1.5
Hg,L2N2,13530.8,3.6,,
Hg,L2N3,13633.37,0.93,13640.3,1.6
Hg,L2N4,13831.7,2.7,13830.2,1.1
Hg,L2N5,13850.97,0.72,,
Hg,L2N6,14105.2,1.6,14107.3,1.7
Hg,L2N7,14109.3,1.6,,
Hg,L2 edge,14216.92,0.53,14214.9,2.4
Hg,L3M1,8722.6,1.9,8721.32,0.91
Hg,L3M2,9005.1,1.9,9019.5,1.9
Hg,L3M3,9437.1,2.0,9455.6,2.1
Hg,L3M4,9898.1,1.3,9897.68,0.82
Hg,L3M5,9988.6,1.2,9988.91,0.6
Hg,L3N1,11483.5,3.2,11482.5,1.1
Hg,L3N2,11606.1,3.4,11642.6,3.2
Hg,L3N3,11708.73,0.79,11713.0,1.6
Hg,L3N4,11907.0,2.5,11904.1,1.2
Hg,L3N5,11926.33,0.58,11924.2,1.2
Hg,L3N6,12180.6,1.4,12182.7,1.2
Hg,L3N7,12184.7,1.4,12194.1,1.2
Hg,L3 edge,12292.28,0.39,12286.4,1.8
Tl,L1M1,11641.9,3.2,11648.1,3.2
Tl,L1M2,11931.0,3.0,11930.78,0.51
Tl,L1M3,12390.6,3.2,12390.55,0.55
Tl,L1M4,12860.6,2.4,12862.7,1.4
Tl,L1M5,12956.6,2.3,12958.7,1.4
Tl,L1N1,14500.4,4.3,14502.6,2.5
Tl,L1N2,14626.7,4.7,14625.2,1.3
Tl,L1N3,14736.2,3.8,14737.0,1.0
Tl,L1N4,14940.4,3.7,14937.4,1.9
Tl,L1N5,14960.9,3.6,14959.4,1.3
Tl,L1N6,15222.7,2.6,,
Tl,L1N7,15227.1,2.5,,
Tl,L1 edge,15353.1,1.5,15342.4,2.8
Tl,L2M1,10994.2,2.5,10994.36,0.43
Tl,L2M2,11283.3,2.0,11274.2,1.5
Tl,L2M3,11742.9,2.2,11739.7,1.2
Tl,L2M4,12212.9,1.4,12213.44,0.71
Tl,L2M5,12309.0,1.4,12309.36,0.9
Tl,L2N1,13852.8,3.4,13852.77,0.92
Tl,L2N2,13979.1,3.7,14057.0,47.0
Tl,L2N3,14088.6,2.9,14089.5,1.2
Tl,L2N4,14292.7,2.8,14291.58,0.73
Tl,L2N5,14313.2,2.6,,
Tl,L2N6,14575.0,1.6,14577.9,1.3
Tl,L2N7,14579.4,1.6,,
Tl,L2 edge,14705.47,0.56,14700.3,2.6
Tl,L3M1,8953.1,1.9,8953.28,0.29
Tl,L3M2,9242.2,1.9,9241.79,0.51
Tl,L3M3,9701.8,2.0,9700.75,0.56
Tl,L3M4,10171.8,1.3,10172.91,0.37
Tl,L3M5,10267.9,1.2,10268.62,0.5
Tl,L3N1,11811.7,3.3,11812.0,0.83
Tl,L3N2,11938.0,3.5,,
Tl,L3N3,12047.5,2.7,12053.5,1.7
Tl,L3N4,12251.6,2.6,12251.1,0.54
Tl,L3N5,12272.1,2.5,12271.71,0.54
Tl,L3N6,12533.9,1.5,12538.7,1.9
Tl,L3N7,12538.3,1.4,12538.7,1.9
Tl,L3 edge,12664.38,0.4,12660.3,1.9
Pb,L1M1,12011.1,3.3,12010.3,3.4
Pb,L1M2,12306.7,3.1,12305.9,1.8
Pb,L1M3,12795.3,3.2,12793.4,1.4
Pb,L1M4,13274.6,2.4,13275.8,4.2
Pb,L1M5,13376.3,2.4,13377.5,2.1
Pb,L1N1,14969.4,4.3,14963.0,1.9
Pb,L1N2,15099.1,4.6,15101.4,5.4
Pb,L1N3,15216.9,3.9,15218.2,2.8
Pb,L1N4,15426.0,3.7,15427.6,2.0
Pb,L1N5,15448.1,3.6,15452.8,2.6
Pb,L1N6,15717.7,2.6,15725.8,3.0
Pb,L1N7,15722.6,2.6,15725.8,3.0
Pb,L1 edge,15867.7,1.5,15857.993,100.0
Pb,L2M1,11349.5,2.6,11349.4,1.1
Pb,L2M2,11645.1,2.1,11648.1,3.2
Pb,L2M3,12133.7,2.2,12127.8,1.8
Pb,L2M4,12613.0,1.5,12613.8,0.57
Pb,L2M5,12714.8,1.4,12720.0,1.9
Pb,L2N1,14307.8,3.4,14307.6,1.2
Pb,L2N2,14437.5,3.7,14441.7,7.5
Pb,L2N3,14555.3,2.9,14553.3,1.8
Pb,L2N4,14764.4,2.7,14764.55,0.78
Pb,L2N5,14786.6,2.6,14791.5,5.2
Pb,L2N6,15056.1,1.6,15060.0,19.0
Pb,L2N7,15061.0,1.6,,
Pb,L2 edge,15206.12,0.56,15198.993,30.0
Pb,L3M1,9186.0,1.9,9184.56,0.7
Pb,L3M2,9481.6,1.9,9481.16,0.75
Pb,L3M3,9970.2,2.0,9967.63,0.83
Pb,L3M4,10449.5,1.3,10449.59,0.65
Pb,L3M5,10551.2,1.2,10551.6,0.27
Pb,L3N1,12144.3,3.2,12143.2,1.8
Pb,L3N2,12274.0,3.5,12270.6,1.3
Pb,L3N3,12391.8,2.7,12392.0,1.8
Pb,L3N4,12600.9,2.5,12601.2,1.3
Pb,L3N5,12623.0,2.4,12622.8,1.3
Pb,L3N6,12892.6,1.5,12897.0,1.4
Pb,L3N7,12897.5,1.5,12897.0,1.4
Pb,L3 edge,13042.6,0.4,13035.064,30.0
Bi,L1M1,12388.5,3.2,12392.0,16.0
Bi,L1M2,12690.9,3.1,12691.4,0.77
Bi,L1M3,13210.4,3.2,13209.99,0.62
Bi,L1M4,13698.6,2.4,13698.87,0.32
Bi,L1M5,13806.6,2.4,13806.82,0.2
Bi,L1N1,15449.3,4.3,15455.3,2.9
Bi,L1N2,15582.9,4.8,15582.52,0.87
Bi,L1N3,15708.4,3.8,15710.5,1.5
Bi,L1N4,15923.5,3.8,15905.0,15.0
Bi,L1N5,15947.0,3.7,15950.8,1.5
Bi,L1N6,16224.1,2.7,16226.0,16.0
Bi,L1N7,16229.3,2.6,16226.0,16.0
Bi,L1 edge,16395.4,1.6,16376.0,3.2
Bi,L2M1,11712.7,2.5,11712.36,0.49
Bi,L2M2,12015.1,2.1,11984.0,15.0
Bi,L2M3,12534.6,2.3,12534.48,0.94
Bi,L2M4,13022.9,1.5,13023.65,0.18
Bi,L2M5,13130.8,1.4,13131.1,1.0
Bi,L2N1,14773.5,3.4,14773.3,1.3
Bi,L2N2,14907.1,3.8,14859.0,24.0
Bi,L2N3,15032.6,2.8,15031.8,2.7
Bi,L2N4,15247.7,2.8,15247.92,0.56
Bi,L2N5,15271.2,2.7,,
Bi,L2N6,15548.3,1.7,15552.0,2.6
Bi,L2N7,15553.5,1.6,,
Bi,L2 edge,15719.65,0.57,15719.8,2.9
Bi,L3M1,9420.7,1.9,9420.43,0.74
Bi,L3M2,9723.0,1.9,9725.6,1.1
Bi,L3M3,10242.6,2.1,10242.2,1.3
Bi,L3M4,10730.8,1.3,10731.06,0.14
Bi,L3M5,10838.7,1.2,10838.94,0.28
Bi,L3N1,12481.4,3.3,12481.74,0.56
Bi,L3N2,12615.0,3.7,12615.21,0.95
Bi,L3N3,12740.6,2.7,12739.52,0.97
Bi,L3N4,12955.7,2.7,12955.0,1.0
Bi,L3N5,12979.2,2.5,12980.0,0.8
Bi,L3N6,13256.2,1.5,13259.4,1.0
Bi,L3N7,13261.5,1.5,13259.4,1.0
Bi,L3 edge,13427.59,0.41,13426.7,2.2
Po,L1M1,12774.9,3.2,,
Po,L1M2,13084.0,3.1,13085.2,6.1
Po,L1M3,13635.8,3.3,13637.9,6.7
Po,L1M4,14133.3,2.5,,
Po,L1M5,14247.6,2.4,,
Po,L1N1,15941.2,4.3,,
Po,L1N2,16078.5,4.9,16060.0,31.0
Po,L1N3,16212.9,3.8,,
Po,L1N4,16433.4,3.8,,
Po,L1N5,16458.6,3.7,,
Po,L1N6,16743.3,2.7,,
Po,L1N7,16749.0,2.6,,
Po,L1 edge,16936.0,1.6,,
Po,L2M1,12084.7,2.5,,
Po,L2M2,12393.8,2.1,,
Po,L2M3,12945.7,2.3,,
Po,L2M4,13443.2,1.5,13447.1,4.3
Po,L2M5,13557.4,1.4,,
Po,L2N1,15251.0,3.4,,
Po,L2N2,15388.3,3.9,,
Po,L2N3,15522.7,2.8,,
Po,L2N4,15743.2,2.8,15744.2,2.7
Po,L2N5,15768.4,2.7,,
Po,L2N6,16053.1,1.7,,
Po,L2N7,16058.8,1.7,,
Po,L2 edge,16245.83,0.59,,
Po,L3M1,9657.6,2.0,9664.2,5.6
Po,L3M2,9966.7,2.0,,
Po,L3M3,10518.6,2.1,,
Po,L3M4,11016.1,1.3,11015.95,0.72
Po,L3M5,11130.3,1.2,11130.87,0.59
Po,L3N1,12823.9,3.2,12818.7,3.9
Po,L3N2,12961.3,3.7,,
Po,L3N3,13095.6,2.7,,
Po,L3N4,13316.1,2.7,13314.3,4.2
Po,L3N5,13341.3,2.5,13340.5,1.1
Po,L3N6,13626.0,1.5,,
Po,L3N7,13631.7,1.5,,
Po,L3 edge,13818.74,0.42,,
At,L1M1,13170.1,3.2,,
At,L1M2,13486.1,3.2,,
At,L1M3,14072.0,3.3,14067.3,2.1
At,L1M4,14578.8,2.5,,
At,L1M5,14699.7,2.4,,
At,L1N1,16444.1,4.3,,
At,L1N2,16585.4,4.9,,
At,L1N3,16729.1,3.8,,
At,L1N4,16955.0,3.8,,
At,L1N5,16982.0,3.7,,
At,L1N6,17274.3,2.7,,
At,L1N7,17280.6,2.7,,
At,L1 edge,17489.7,1.6,,
At,L2M1,12465.3,2.5,,
At,L2M2,12781.4,2.2,,
At,L2M3,13367.3,2.3,,
At,L2M4,13874.1,1.5,13876.2,2.1
At,L2M5,13994.9,1.4,,
At,L2N1,15739.4,3.3,,
At,L2N2,15880.6,4.0,,
At,L2N3,16024.3,2.8,,
At,L2N4,16250.2,2.8,16251.7,2.8
At,L2N5,16277.3,2.7,,
At,L2N6,16569.6,1.7,,
At,L2N7,16575.9,1.7,,
At,L2 edge,16784.96,0.6,,
At,L3M1,9896.4,2.0,,
At,L3M2,10212.4,2.0,,
At,L3M3,10798.4,2.1,,
At,L3M4,11305.2,1.3,11304.93,0.76
At,L3M5,11426.0,1.3,11426.94,0.78
At,L3N1,13170.4,3.2,,
At,L3N2,13311.7,3.8,,
At,L3N3,13455.4,2.6,,
At,L3N4,13681.3,2.7,,
At,L3N5,13708.4,2.6,,
At,L3N6,14000.7,1.6,,
At,L3N7,14007.0,1.6,,
At,L3 edge,14216.04,0.45,,
Rn,L1M1,13574.5,3.2,,
Rn,L1M2,13897.5,3.2,,
Rn,L1M3,14518.9,3.3,14511.7,2.3
Rn,L1M4,15035.4,2.5,,
Rn,L1M5,15163.1,2.4,,
Rn,L1N1,16959.2,4.3,,
Rn,L1N2,17103.8,4.9,,
Rn,L1N3,17257.8,3.9,,
Rn,L1N4,17488.8,3.7,,
Rn,L1N5,17517.5,3.6,,
Rn,L1N6,17817.9,2.7,,
Rn,L1N7,17824.8,2.7,,
Rn,L1 edge,18056.8,1.6,,
Rn,L2M1,12855.1,2.6,,
Rn,L2M2,13178.1,2.2,,
Rn,L2M3,13799.5,2.3,,
Rn,L2M4,14316.0,1.5,14315.8,2.2
Rn,L2M5,14443.7,1.4,,
Rn,L2N1,16239.8,3.4,,
Rn,L2N2,16384.4,3.9,,
Rn,L2N3,16538.4,2.9,,
Rn,L2N4,16769.4,2.7,16770.7,3.0
Rn,L2N5,16798.1,2.6,,
Rn,L2N6,17098.5,1.7,,
Rn,L2N7,17105.4,1.7,,
Rn,L2 edge,17337.38,0.62,,
Rn,L3M1,10137.2,2.0,,
Rn,L3M2,10460.2,2.0,,
Rn,L3M3,11081.6,2.1,,
Rn,L3M4,11598.1,1.3,11598.08,0.8
Rn,L3M5,11725.9,1.2,11727.09,0.82
Rn,L3N1,13521.9,3.2,,
Rn,L3N2,13666.6,3.7,,
Rn,L3N3,13820.6,2.7,,
Rn,L3N4,14051.5,2.6,,
Rn,L3N5,14080.3,2.4,,
Rn,L3N6,14380.7,1.6,,
Rn,L3N7,14387.6,1.6,,
Rn,L3 edge,14619.53,0.43,,
Fr,L1M1,13988.5,3.3,,
Fr,L1M2,14318.5,3.3,,
Fr,L1M3,14977.9,3.4,14975.7,2.4
Fr,L1M4,15503.6,2.6,,
Fr,L1M5,15638.6,2.5,,
Fr,L1N1,17485.9,4.2,,
Fr,L1N2,17635.2,5.1,,
Fr,L1N3,17799.3,3.9,,
Fr,L1N4,18036.2,3.9,,
Fr,L1N5,18067.3,3.8,,
Fr,L1N6,18375.3,3.0,,
Fr,L1N7,18382.3,2.8,,
Fr,L1 edge,18642.4,1.7,,
Fr,L2M1,13254.0,2.6,,
Fr,L2M2,13584.0,2.2,,
Fr,L2M3,14243.4,2.4,,
Fr,L2M4,14769.1,1.5,14770.4,2.3
Fr,L2M5,14904.1,1.5,,
Fr,L2N1,16751.5,3.3,,
Fr,L2N2,16900.7,4.0,,
Fr,L2N3,17064.8,2.8,,
Fr,L2N4,17301.7,2.8,17303.4,3.2
Fr,L2N5,17332.8,2.8,,
Fr,L2N6,17640.8,1.9,,
Fr,L2N7,17647.8,1.8,,
Fr,L2 edge,17907.94,0.64,,
Fr,L3M1,10379.8,2.0,,
Fr,L3M2,10709.9,2.0,,
Fr,L3M3,11369.3,2.2,,
Fr,L3M4,11895.0,1.3,11895.07,0.84
Fr,L3M5,12029.9,1.3,12031.4,0.86
Fr,L3N1,13877.3,3.1,,
Fr,L3N2,14026.6,3.8,,
Fr,L3N3,14190.6,2.6,,
Fr,L3N4,14427.5,2.6,,
Fr,L3N5,14458.6,2.6,14450.0,50.0
Fr,L3N6,14766.6,1.7,,
Fr,L3N7,14773.6,1.6,,
Fr,L3 edge,15033.78,0.44,,
Ra,L1M1,14412.1,3.3,,
Ra,L1M2,14749.3,3.3,14747.3,1.3
Ra,L1M3,15448.4,3.4,15445.1,1.4
Ra,L1M4,15983.7,2.5,15988.2,1.5
Ra,L1M5,16126.1,2.5,16131.6,1.6
Ra,L1N1,18025.3,4.0,18036.4,3.9
Ra,L1N2,18179.4,5.2,18179.5,2.0
Ra,L1N3,18353.9,3.8,18357.4,2.0
Ra,L1N4,18597.3,4.0,18599.2,4.1
Ra,L1N5,18630.6,4.0,18632.8,4.1
Ra,L1N6,18945.9,3.0,,
Ra,L1N7,18953.1,2.8,,
Ra,L1 edge,19242.3,1.7,19237.0,4.4
Ra,L2M1,13662.4,2.6,13663.2,1.1
Ra,L2M2,13999.7,2.3,,
Ra,L2M3,14698.7,2.4,14693.3,2.6
Ra,L2M4,15234.0,1.5,15235.9,1.4
Ra,L2M5,15376.4,1.5,,
Ra,L2N1,17275.6,3.0,17274.0,1.8
Ra,L2N2,17429.7,4.2,,
Ra,L2N3,17604.2,2.8,17603.6,3.7
Ra,L2N4,17847.6,3.0,17848.7,1.9
Ra,L2N5,17880.9,3.0,17885.5,3.8
Ra,L2N6,18196.2,2.1,,
Ra,L2N7,18203.5,1.8,,
Ra,L2 edge,18492.61,0.67,18485.5,4.1
Ra,L3M1,10624.1,2.1,10622.29,0.67
Ra,L3M2,10961.4,2.1,,
Ra,L3M3,11660.4,2.2,,
Ra,L3M4,12195.7,1.3,12196.26,0.89
Ra,L3M5,12338.1,1.3,12339.86,0.91
Ra,L3N1,14237.3,2.9,14236.4,1.2
Ra,L3N2,14391.4,4.0,14386.4,2.5
Ra,L3N3,14565.9,2.6,14565.6,2.5
Ra,L3N4,14809.3,2.8,14808.8,1.3
Ra,L3N5,14842.6,2.8,14841.6,1.3
Ra,L3N6,15157.9,1.8,15145.7,2.7
Ra,L3N7,15165.2,1.6,15145.7,2.7
Ra,L3 edge,15454.32,0.45,15443.7,2.8
Ac,L1M1,14845.8,3.3,,
Ac,L1M2,15190.3,3.3,,
Ac,L1M3,15931.1,3.4,15931.5,2.7
Ac,L1M4,16476.0,2.6,,
Ac,L1M5,16626.3,2.5,,
Ac,L1N1,18578.2,4.0,,
Ac,L1N2,18735.6,5.1,,
Ac,L1N3,18922.8,3.8,,
Ac,L1N4,19170.6,3.8,,
Ac,L1N5,19206.2,3.8,,
Ac,L1N6,19530.3,3.2,,
Ac,L1N7,19537.8,2.9,,
Ac,L1 edge,19855.2,1.7,,
Ac,L2M1,14080.7,2.6,,
Ac,L2M2,14425.2,2.3,,
Ac,L2M3,15166.0,2.5,,
Ac,L2M4,15710.8,1.6,15713.3,2.7
Ac,L2M5,15861.1,1.5,,
Ac,L2N1,17813.0,3.1,,
Ac,L2N2,17970.5,4.1,,
Ac,L2N3,18157.6,2.9,,
Ac,L2N4,18405.5,2.8,18408.4,3.6
Ac,L2N5,18441.0,2.8,,
Ac,L2N6,18765.1,2.2,,
Ac,L2N7,18772.7,1.9,,
Ac,L2 edge,19090.04,0.69,,
Ac,L3M1,10870.1,2.1,,
Ac,L3M2,11214.6,2.1,,
Ac,L3M3,11955.4,2.2,,
Ac,L3M4,12500.2,1.3,12500.99,0.93
Ac,L3M5,12650.5,1.3,12652.16,0.96
Ac,L3N1,14602.4,2.9,,
Ac,L3N2,14759.9,3.9,,
Ac,L3N3,14947.0,2.6,,
Ac,L3N4,15194.9,2.6,,
Ac,L3N5,15230.4,2.6,,
Ac,L3N6,15554.5,2.0,,
Ac,L3N7,15562.1,1.6,,
Ac,L3 edge,15879.45,0.46,,
Th,L1M1,15289.0,3.3,,
Th,L1M2,15640.6,3.3,15639.54,0.35
Th,L1M3,16425.3,3.5,16423.855,70.0
Th,L1M4,16979.8,2.6,16980.26,0.21
Th,L1M5,17138.3,2.5,17138.89,0.12
Th,L1N1,19143.3,4.1,19146.4,2.2
Th,L1N2,19304.5,5.1,19302.987,50.0
Th,L1N3,19504.3,3.9,19503.445,60.0
Th,L1N4,19757.6,3.8,19756.75,0.83
Th,L1N5,19795.5,3.8,19793.91,0.5
Th,L1N6,20138.2,3.3,20127.0,4.8
Th,L1N7,20146.2,2.9,20127.0,4.8
Th,L1 edge,20481.6,1.7,20462.5,5.0
Th,L2M1,14509.0,2.6,14510.327,80.0
Th,L2M2,14860.6,2.3,14869.6,2.6
Th,L2M3,15645.3,2.5,15643.1,1.2
Th,L2M4,16199.8,1.6,16201.556,30.0
Th,L2M5,16358.3,1.5,16358.1,1.0
Th,L2N1,18363.3,3.1,18364.35,0.11
Th,L2N2,18524.5,4.1,,
Th,L2N3,18724.2,2.9,18728.4,4.2
Th,L2N4,18977.6,2.8,18978.259,20.0
Th,L2N5,19015.5,2.8,19012.8,4.3
Th,L2N6,19358.2,2.3,19348.0,0.15
Th,L2N7,19366.2,1.9,,
Th,L2 edge,19701.59,0.72,19682.9,4.6
Th,L3M1,11117.7,2.1,11118.06,0.18
Th,L3M2,11469.3,2.1,11469.5,1.1
Th,L3M3,12254.0,2.2,12255.98,0.96
Th,L3M4,12808.5,1.3,12809.498,30.0
Th,L3M5,12967.0,1.3,12967.937,20.0
Th,L3N1,14972.0,2.9,14973.424,50.0
Th,L3N2,15133.2,3.9,15132.2,1.3
Th,L3N3,15332.9,2.6,15334.0,1.2
Th,L3N4,15586.3,2.5,15586.91,70.0
Th,L3N5,15624.2,2.6,15623.96,30.0
Th,L3N6,15966.9,2.1,15955.85,0.58
Th,L3N7,15974.8,1.7,15965.88,0.58
Th,L3 edge,16310.27,0.47,16298.5,3.2
Pa,L1M1,15744.4,3.3,,
Pa,L1M2,16103.2,3.4,16103.7,3.1
Pa,L1M3,16934.3,3.5,16930.5,1.7
Pa,L1M4,17498.2,2.6,17491.9,7.3
Pa,L1M5,17665.5,2.5,17666.3,3.7
Pa,L1N1,19735.1,4.1,,
Pa,L1N2,19899.6,5.2,19872.1,4.7
Pa,L1N3,20112.6,3.9,20097.6,4.8
Pa,L1N4,20371.5,3.8,,
Pa,L1N5,20411.9,3.8,,
Pa,L1N6,20751.5,3.4,,
Pa,L1N7,20760.4,2.9,,
Pa,L1 edge,21113.7,1.7,,
Pa,L2M1,14948.8,2.6,14946.6,2.7
Pa,L2M2,15307.6,2.4,,
Pa,L2M3,16138.8,2.5,,
Pa,L2M4,16702.7,1.6,16702.0,1.7
Pa,L2M5,16869.9,1.5,,
Pa,L2N1,18939.6,3.1,18928.6,4.3
Pa,L2N2,19104.1,4.2,,
Pa,L2N3,19317.0,2.9,,
Pa,L2N4,19575.9,2.8,19568.5,4.1
Pa,L2N5,19616.3,2.9,,
Pa,L2N6,19955.9,2.4,,
Pa,L2N7,19964.8,2.0,,
Pa,L2 edge,20318.12,0.73,,
Pa,L3M1,11367.6,2.1,11366.2,1.5
Pa,L3M2,11726.4,2.1,,
Pa,L3M3,12557.6,2.3,,
Pa,L3M4,13121.5,1.3,13122.3,1.0
Pa,L3M5,13288.7,1.3,13290.8,1.1
Pa,L3N1,15358.4,2.9,15346.2,2.8
Pa,L3N2,15522.8,3.9,,
Pa,L3N3,15735.8,2.6,,
Pa,L3N4,15994.7,2.5,,
Pa,L3N5,16035.1,2.6,16024.6,3.1
Pa,L3N6,16374.7,2.2,,
Pa,L3N7,16383.6,1.7,,
Pa,L3 edge,16736.9,0.48,,
U,L1M1,16210.3,3.2,,
U,L1M2,16576.5,3.4,,
U,L1M3,17456.8,3.6,,
U,L1M4,18030.1,2.6,,
U,L1M5,18206.5,2.6,,
U,L1N1,20318.4,4.2,,
U,L1N2,20487.3,5.2,,
U,L1N3,20714.2,3.9,,
U,L1N4,20978.7,3.8,,
U,L1N5,21021.7,3.9,,
U,L1N6,21369.0,3.5,,
U,L1N7,21378.7,3.0,,
U,L1 edge,21766.1,1.8,,
U,L2M1,15398.9,2.5,,
U,L2M2,15765.1,2.4,,
U,L2M3,16645.4,2.6,,
U,L2M4,17218.7,1.6,,
U,L2M5,17395.0,1.6,,
U,L2N1,19507.0,3.2,,
U,L2N2,19675.9,4.2,,
U,L2N3,19902.8,2.9,,
U,L2N4,20167.3,2.8,,
U,L2N5,20210.2,2.9,,
U,L2N6,20557.5,2.5,,
U,L2N7,20567.3,2.0,,
U,L2 edge,20954.72,0.77,,
U,L3M1,11618.4,2.1,,
U,L3M2,11984.6,2.1,,
U,L3M3,12864.9,2.3,,
U,L3M4,13438.2,1.4,,
U,L3M5,13614.5,1.3,,
U,L3N1,15726.5,3.0,,
U,L3N2,15895.4,4.0,,
U,L3N3,16122.3,2.6,,
U,L3N4,16386.8,2.5,,
U,L3N5,16429.7,2.6,,
U,L3N6,16777.1,2.3,,
U,L3N7,16786.8,1.7,,
U,L3 edge,17174.23,0.49,,
U,L1M1,16210.1,3.2,,
U,L1M2,16576.2,3.4,16575.51,0.3
U,L1M3,17456.5,3.6,17455.17,0.73
U,L1M4,18029.8,2.6,18031.2,1.9
U,L1M5,18206.1,2.6,18205.55,0.32
U,L1N1,20318.3,4.2,,
U,L1N2,20487.2,5.2,20484.92,0.45
U,L1N3,20714.1,3.9,20712.95,0.46
U,L1N4,20978.6,3.8,20979.8,2.6
U,L1N5,21021.6,3.9,21018.9,2.6
U,L1N6,21368.9,3.5,,
U,L1N7,21378.7,3.0,,
U,L1 edge,21766.1,1.8,21770.4,5.7
U,L2M1,15399.0,2.5,15399.81,0.57
U,L2M2,15765.1,2.4,,
U,L2M3,16645.3,2.6,16641.3,1.7
U,L2M4,17218.7,1.6,17220.15,0.28
U,L2M5,17395.0,1.6,,
U,L2N1,19507.2,3.2,19507.27,0.91
U,L2N2,19676.1,4.2,,
U,L2N3,19903.0,2.9,19907.2,4.7
U,L2N4,20167.5,2.8,20167.27,0.44
U,L2N5,20210.5,2.9,,
U,L2N6,20557.8,2.5,20557.5,5.0
U,L2N7,20567.5,2.0,,
U,L2 edge,20954.95,0.77,20946.5,5.2
U,L3M1,11618.5,2.1,11618.41,0.32
U,L3M2,11984.6,2.1,11983.5,1.5
U,L3M3,12864.9,2.3,12865.45,0.81
U,L3M4,13438.2,1.4,13438.97,0.19
U,L3M5,13614.6,1.3,13614.87,0.2
U,L3N1,15726.8,3.0,15726.21,0.59
U,L3N2,15895.6,4.0,15895.63,0.99
U,L3N3,16122.6,2.6,16123.56,0.9
U,L3N4,16387.1,2.5,16385.86,0.29
U,L3N5,16430.0,2.6,16428.44,0.29
U,L3N6,16777.3,2.3,16786.06,0.3
U,L3N7,16787.1,1.7,16786.06,0.3
U,L3 edge,17174.51,0.49,17171.37,0.5
Np,L1M1,16687.5,3.3,16683.0,20.0
Np,L1M2,17059.5,3.4,17060.77,0.69
Np,L1M3,17990.8,3.6,17989.3,3.5
Np,L1M4,18573.9,2.7,,
Np,L1M5,18759.6,2.6,18757.0,27.0
Np,L1N1,20926.8,4.2,20922.0,21.0
Np,L1N2,21099.7,5.3,21104.0,16.0
Np,L1N3,21341.2,3.9,21338.0,16.0
Np,L1N4,21611.4,3.9,,
Np,L1N5,21657.0,3.9,,
Np,L1N6,22012.0,3.6,,
Np,L1N7,22022.7,3.1,,
Np,L1 edge,22433.6,1.8,22437.5,9.5
Np,L2M1,15860.5,2.6,15864.0,21.0
Np,L2M2,16232.6,2.4,16242.0,21.0
Np,L2M3,17163.8,2.6,17168.0,21.0
Np,L2M4,17746.9,1.6,17750.36,0.34
Np,L2M5,17932.7,1.6,17938.0,28.0
Np,L2N1,20099.9,3.2,20107.0,19.0
Np,L2N2,20272.7,4.3,20281.0,21.0
Np,L2N3,20514.3,2.9,20518.0,21.0
Np,L2N4,20784.5,2.8,20785.04,0.46
Np,L2N5,20830.0,2.9,,
Np,L2N6,21185.0,2.6,,
Np,L2N7,21195.7,2.0,,
Np,L2 edge,21606.62,0.79,21615.0,9.9
Np,L3M1,11870.8,2.1,11885.6,9.1
Np,L3M2,12242.9,2.1,12247.0,22.0
Np,L3M3,13174.1,2.3,13173.0,21.0
Np,L3M4,13757.2,1.4,13759.84,0.2
Np,L3M5,13943.0,1.3,13944.26,0.21
Np,L3N1,16110.2,3.0,16113.0,18.0
Np,L3N2,16283.0,4.0,16286.0,22.0
Np,L3N3,16524.6,2.6,16523.0,22.0
Np,L3N4,16794.8,2.6,,
Np,L3N5,16840.3,2.6,16840.16,0.3
Np,L3N6,17195.3,2.3,,
Np,L3N7,17206.1,1.7,,
Np,L3 edge,17616.94,0.5,17608.04,0.5
Pu,L1M1,17176.5,3.3,17193.0,26.0
Pu,L1M2,17557.3,3.5,17556.23,0.72
Pu,L1M3,18542.7,3.7,18540.52,0.81
Pu,L1M4,19135.3,2.7,19127.2,4.4
Pu,L1M5,19331.0,2.6,19323.9,4.5
Pu,L1N1,21550.6,4.3,,
Pu,L1N2,21727.4,5.4,21725.4,1.1
Pu,L1N3,21984.4,3.9,21982.64,0.52
Pu,L1N4,22260.2,3.9,,
Pu,L1N5,22308.5,3.9,,
Pu,L1N6,22671.0,3.7,,
Pu,L1N7,22683.0,3.1,,
Pu,L1 edge,23111.9,1.8,23113.0,17.0
Pu,L2M1,16334.0,2.5,16332.8,3.2
Pu,L2M2,16714.8,2.4,16715.8,3.9
Pu,L2M3,17700.2,2.6,17702.0,4.3
Pu,L2M4,18292.8,1.6,18294.03,0.8
Pu,L2M5,18488.5,1.6,,
Pu,L2N1,20708.1,3.3,20705.1,5.1
Pu,L2N2,20884.8,4.3,,
Pu,L2N3,21141.9,2.9,,
Pu,L2N4,21417.7,2.8,21417.55,0.49
Pu,L2N5,21465.9,2.8,,
Pu,L2N6,21828.4,2.6,,
Pu,L2N7,21840.5,2.0,,
Pu,L2 edge,22269.42,0.79,22270.0,10.0
Pu,L3M1,12124.6,2.1,12124.2,1.8
Pu,L3M2,12505.4,2.1,12506.4,3.9
Pu,L3M3,13490.8,2.3,13492.5,4.3
Pu,L3M4,14083.4,1.4,14084.42,0.47
Pu,L3M5,14279.1,1.3,14278.74,0.49
Pu,L3N1,16498.7,3.0,16498.42,0.65
Pu,L3N2,16675.4,4.1,,
Pu,L3N3,16932.5,2.6,,
Pu,L3N4,17208.3,2.5,17207.8,3.5
Pu,L3N5,17256.6,2.5,17255.48,0.71
Pu,L3N6,17619.0,2.4,17633.7,3.7
Pu,L3N7,17631.1,1.8,17633.7,3.7
Pu,L3 edge,18060.02,0.51,18060.0,10.0
Pu,L1M1,17176.4,3.3,,
Pu,L1M2,17557.1,3.5,,
Pu,L1M3,18542.5,3.7,,
Pu,L1M4,19135.1,2.7,,
Pu,L1M5,19330.8,2.6,,
Pu,L1N1,21550.4,4.3,,
Pu,L1N2,21727.1,5.4,,
Pu,L1N3,21984.2,3.9,,
Pu,L1N4,22260.0,3.9,,
Pu,L1N5,22308.2,3.9,,
Pu,L1N6,22670.7,3.7,,
Pu,L1N7,22682.8,3.1,,
Pu,L1 edge,23111.8,1.8,23109.5,6.4
Pu,L2M1,16334.1,2.5,,
Pu,L2M2,16714.8,2.4,,
Pu,L2M3,17700.2,2.6,,
Pu,L2M4,18292.8,1.6,,
Pu,L2M5,18488.5,1.6,,
Pu,L2N1,20708.1,3.3,,
Pu,L2N2,20884.8,4.3,,
Pu,L2N3,21141.9,2.9,,
Pu,L2N4,21417.7,2.8,,
Pu,L2N5,21465.9,2.8,,
Pu,L2N6,21828.4,2.6,,
Pu,L2N7,21840.5,2.0,,
Pu,L2 edge,22269.47,0.79,22251.0,5.9
Pu,L3M1,12124.7,2.1,,
Pu,L3M2,12505.4,2.1,,
Pu,L3M3,13490.8,2.3,,
Pu,L3M4,14083.4,1.4,,
Pu,L3M5,14279.1,1.3,,
Pu,L3N1,16498.7,3.0,,
Pu,L3N2,16675.5,4.1,,
Pu,L3N3,16932.5,2.6,,
Pu,L3N4,17208.3,2.5,,
Pu,L3N5,17256.6,2.5,,
Pu,L3N6,17619.1,2.4,,
Pu,L3N7,17631.1,1.8,,
Pu,L3 edge,18060.1,0.51,18055.99,0.35
Am,L1M1,17677.2,3.3,17674.5,1.2
Am,L1M2,18065.7,3.5,18062.96,0.78
Am,L1M3,19107.4,3.7,19106.24,0.87
Am,L1M4,19710.1,2.7,,
Am,L1M5,19915.7,2.7,,
Am,L1N1,22189.4,4.4,22187.5,2.0
Am,L1N2,22370.4,5.6,22365.3,2.9
Am,L1N3,22643.6,4.0,22642.2,3.1
Am,L1N4,22925.5,3.9,,
Am,L1N5,22976.4,3.9,,
Am,L1N6,23346.5,3.8,,
Am,L1N7,23359.4,3.1,,
Am,L1 edge,23812.5,1.9,23808.0,3.0
Am,L2M1,16818.6,2.6,16819.2,1.3
Am,L2M2,17207.2,2.4,17206.5,2.1
Am,L2M3,18248.9,2.6,18250.0,4.1
Am,L2M4,18851.6,1.7,18852.18,0.38
Am,L2M5,19057.2,1.6,,
Am,L2N1,21330.9,3.3,21332.0,2.0
Am,L2N2,21511.9,4.5,21510.1,3.0
Am,L2N3,21785.1,2.9,21787.0,3.1
Am,L2N4,22067.0,2.9,22065.39,0.52
Am,L2N5,22117.9,2.9,,
Am,L2N6,22488.0,2.7,,
Am,L2N7,22500.9,2.1,,
Am,L2 edge,22954.03,0.8,22952.0,3.0
Am,L3M1,12379.0,2.1,12378.2,1.4
Am,L3M2,12767.5,2.1,12765.3,2.2
Am,L3M3,13809.2,2.3,13809.2,4.1
Am,L3M4,14411.9,1.4,14412.09,0.22
Am,L3M5,14617.5,1.4,14617.33,0.23
Am,L3N1,16891.3,3.0,16887.52,0.65
Am,L3N2,17072.3,4.2,17068.7,3.1
Am,L3N3,17345.5,2.6,17346.2,3.2
Am,L3N4,17627.4,2.6,17625.9,0.74
Am,L3N5,17678.2,2.6,17676.66,0.34
Am,L3N6,18048.4,2.4,,
Am,L3N7,18061.3,1.8,,
Am,L3 edge,18514.38,0.5,18510.0,3.0
Am,L1M1,17677.1,3.3,,
Am,L1M2,18065.6,3.5,,
Am,L1M3,19107.3,3.7,,
Am,L1M4,19710.0,2.7,,
Am,L1M5,19915.6,2.7,,
Am,L1N1,22189.3,4.4,,
Am,L1N2,22370.3,5.6,,
Am,L1N3,22643.5,4.0,,
Am,L1N4,22925.4,3.9,,
Am,L1N5,22976.3,3.9,,
Am,L1N6,23346.4,3.8,,
Am,L1N7,23359.3,3.1,,
Am,L1 edge,23812.4,1.9,,
Am,L2M1,16818.7,2.6,,
Am,L2M2,17207.2,2.4,,
Am,L2M3,18248.9,2.6,,
Am,L2M4,18851.6,1.7,,
Am,L2M5,19057.1,1.6,,
Am,L2N1,21330.9,3.3,,
Am,L2N2,21511.9,4.5,,
Am,L2N3,21785.1,2.9,,
Am,L2N4,22067.0,2.9,,
Am,L2N5,22117.8,2.9,,
Am,L2N6,22488.0,2.7,,
Am,L2N7,22500.9,2.1,,
Am,L2 edge,22954.02,0.8,,
Am,L3M1,12379.0,2.1,,
Am,L3M2,12767.5,2.1,,
Am,L3M3,13809.2,2.3,,
Am,L3M4,14411.9,1.4,,
Am,L3M5,14617.5,1.4,,
Am,L3N1,16891.3,3.0,,
Am,L3N2,17072.3,4.2,,
Am,L3N3,17345.5,2.6,,
Am,L3N4,17627.4,2.6,,
Am,L3N5,17678.2,2.6,,
Am,L3N6,18048.4,2.4,,
Am,L3N7,18061.3,1.8,,
Am,L3 edge,18514.37,0.5,,
Cm,L1M1,18189.6,3.3,,
Cm,L1M2,18585.7,3.5,,
Cm,L1M3,19686.9,3.8,,
Cm,L1M4,20299.7,2.8,,
Cm,L1M5,20515.7,2.8,,
Cm,L1N1,22843.5,4.5,,
Cm,L1N2,23028.8,5.7,,
Cm,L1N3,23319.1,4.0,,
Cm,L1N4,23606.8,4.1,,
Cm,L1N5,23660.5,4.0,,
Cm,L1N6,24038.4,3.8,,
Cm,L1N7,24052.4,3.2,,
Cm,L1 edge,24535.4,1.9,24515.0,21.0
Cm,L2M1,17315.1,2.5,,
Cm,L2M2,17711.3,2.4,,
Cm,L2M3,18812.5,2.6,,
Cm,L2M4,19425.2,1.7,,
Cm,L2M5,19641.2,1.7,,
Cm,L2N1,21969.1,3.4,,
Cm,L2N2,22154.3,4.6,,
Cm,L2N3,22444.6,2.9,,
Cm,L2N4,22732.4,3.0,,
Cm,L2N5,22786.1,2.9,,
Cm,L2N6,23163.9,2.7,,
Cm,L2N7,23177.9,2.1,,
Cm,L2 edge,23660.98,0.8,23651.0,11.0
Cm,L3M1,12633.8,2.1,,
Cm,L3M2,13030.0,2.1,,
Cm,L3M3,14131.2,2.4,,
Cm,L3M4,14743.9,1.4,,
Cm,L3M5,14959.9,1.4,,
Cm,L3N1,17287.8,3.1,,
Cm,L3N2,17473.0,4.3,,
Cm,L3N3,17763.3,2.6,,
Cm,L3N4,18051.1,2.7,,
Cm,L3N5,18104.8,2.6,,
Cm,L3N6,18482.6,2.4,,
Cm,L3N7,18496.6,1.8,,
Cm,L3 edge,18979.68,0.5,18970.0,11.0
Cm,L1M1,18189.5,3.3,,
Cm,L1M2,18585.5,3.5,,
Cm,L1M3,19686.7,3.8,,
Cm,L1M4,20299.5,2.8,,
Cm,L1M5,20515.5,2.8,,
Cm,L1N1,22843.3,4.5,,
Cm,L1N2,23028.6,5.7,,
Cm,L1N3,23318.9,4.0,,
Cm,L1N4,23606.6,4.1,,
Cm,L1N5,23660.3,4.0,,
Cm,L1N6,24038.2,3.8,,
Cm,L1N7,24052.2,3.2,,
Cm,L1 edge,24535.2,1.9,,
Cm,L2M1,17315.2,2.5,,
Cm,L2M2,17711.3,2.4,,
Cm,L2M3,18812.5,2.6,,
Cm,L2M4,19425.2,1.7,,
Cm,L2M5,19641.2,1.7,,
Cm,L2N1,21969.1,3.4,,
Cm,L2N2,22154.3,4.6,,
Cm,L2N3,22444.6,2.9,,
Cm,L2N4,22732.4,3.0,,
Cm,L2N5,22786.1,2.9,,
Cm,L2N6,23163.9,2.7,,
Cm,L2N7,23177.9,2.1,,
Cm,L2 edge,23660.96,0.8,,
Cm,L3M1,12633.9,2.1,,
Cm,L3M2,13030.0,2.1,,
Cm,L3M3,14131.2,2.4,,
Cm,L3M4,14743.9,1.4,,
Cm,L3M5,14959.9,1.4,,
Cm,L3N1,17287.8,3.1,,
Cm,L3N2,17473.0,4.3,,
Cm,L3N3,17763.3,2.6,,
Cm,L3N4,18051.1,2.7,,
Cm,L3N5,18104.8,2.6,,
Cm,L3N6,18482.7,2.4,,
Cm,L3N7,18496.6,1.8,,
Cm,L3 edge,18979.69,0.5,,
Bk,L1M1,18715.1,3.4,18719.0,40.0
Bk,L1M2,19118.9,3.6,19128.0,53.0
Bk,L1M3,20282.6,3.8,20298.0,53.0
Bk,L1M4,20905.5,2.8,,
Bk,L1M5,21132.1,2.7,,
Bk,L1N1,23520.0,4.6,23521.0,42.0
Bk,L1N2,23709.6,5.9,,
Bk,L1N3,24017.7,4.1,,
Bk,L1N4,24311.6,4.2,,
Bk,L1N5,24368.0,4.1,,
Bk,L1N6,24753.9,3.8,,
Bk,L1N7,24768.5,3.3,,
Bk,L1 edge,25271.0,2.0,25272.0,25.0
Bk,L2M1,17824.8,2.5,17829.0,40.0
Bk,L2M2,18228.6,2.5,18238.0,53.0
Bk,L2M3,19392.3,2.7,19408.0,53.0
Bk,L2M4,20015.2,1.7,,
Bk,L2M5,20241.9,1.6,,
Bk,L2N1,22629.7,3.5,22631.0,42.0
Bk,L2N2,22819.3,4.8,,
Bk,L2N3,23127.4,3.0,,
Bk,L2N4,23421.3,3.0,,
Bk,L2N5,23477.7,2.9,,
Bk,L2N6,23863.7,2.7,,
Bk,L2N7,23878.2,2.1,,
Bk,L2 edge,24380.68,0.9,24382.0,25.0
Bk,L3M1,12889.9,2.1,12896.0,43.0
Bk,L3M2,13293.7,2.1,13305.0,55.0
Bk,L3M3,14457.4,2.4,14475.0,55.0
Bk,L3M4,15080.3,1.4,,
Bk,L3M5,15306.9,1.3,,
Bk,L3N1,17694.8,3.2,17697.0,45.0
Bk,L3N2,17884.4,4.4,,
Bk,L3N3,18192.5,2.7,,
Bk,L3N4,18486.4,2.7,,
Bk,L3N5,18542.8,2.6,,
Bk,L3N6,18928.7,2.4,,
Bk,L3N7,18943.3,1.8,,
Bk,L3 edge,19445.76,0.5,19449.0,30.0
Bk,L1M1,18715.0,3.4,,
Bk,L1M2,19118.8,3.6,,
Bk,L1M3,20282.5,3.8,,
Bk,L1M4,20905.4,2.8,,
Bk,L1M5,21132.0,2.7,,
Bk,L1N1,23519.9,4.6,,
Bk,L1N2,23709.5,5.9,,
Bk,L1N3,24017.6,4.1,,
Bk,L1N4,24311.5,4.2,,
Bk,L1N5,24367.9,4.1,,
Bk,L1N6,24753.8,3.8,,
Bk,L1N7,24768.4,3.3,,
Bk,L1 edge,25270.9,2.0,,
Bk,L2M1,17824.8,2.5,,
Bk,L2M2,18228.6,2.5,,
Bk,L2M3,19392.3,2.7,,
Bk,L2M4,20015.2,1.7,,
Bk,L2M5,20241.8,1.6,,
Bk,L2N1,22629.7,3.5,,
Bk,L2N2,22819.3,4.8,,
Bk,L2N3,23127.4,3.0,,
Bk,L2N4,23421.3,3.0,,
Bk,L2N5,23477.7,2.9,,
Bk,L2N6,23863.6,2.7,,
Bk,L2N7,23878.2,2.1,,
Bk,L2 edge,24380.67,0.9,,
Bk,L3M1,12889.9,2.1,,
Bk,L3M2,13293.7,2.1,,
Bk,L3M3,14457.4,2.4,,
Bk,L3M4,15080.3,1.4,,
Bk,L3M5,15306.9,1.3,,
Bk,L3N1,17694.8,3.2,,
Bk,L3N2,17884.4,4.4,,
Bk,L3N3,18192.5,2.7,,
Bk,L3N4,18486.4,2.7,,
Bk,L3N5,18542.8,2.6,,
Bk,L3N6,18928.7,2.4,,
Bk,L3N7,18943.3,1.8,,
Bk,L3 edge,19445.76,0.5,,
Cf,L1M1,19261.8,3.3,,
Cf,L1M2,19673.4,3.6,,
Cf,L1M3,20902.9,3.9,,
Cf,L1M4,21536.1,2.9,,
Cf,L1M5,21773.7,2.8,,
Cf,L1N1,24217.9,4.7,,
Cf,L1N2,24411.9,6.0,,
Cf,L1N3,24738.9,4.2,,
Cf,L1N4,25038.8,4.2,,
Cf,L1N5,25098.2,4.1,,
Cf,L1N6,25492.0,3.8,,
Cf,L1N7,25507.5,3.3,,
Cf,L1 edge,26033.4,2.0,26002.39,0.9
Cf,L2M1,18355.4,2.4,,
Cf,L2M2,18767.0,2.5,,
Cf,L2M3,19996.5,2.7,,
Cf,L2M4,20629.7,1.7,,
Cf,L2M5,20867.2,1.6,,
Cf,L2N1,23311.5,3.5,,
Cf,L2N2,23505.5,4.9,,
Cf,L2N3,23832.5,3.0,,
Cf,L2N4,24132.4,3.2,,
Cf,L2N5,24191.8,3.0,,
Cf,L2N6,24585.6,2.7,,
Cf,L2N7,24601.1,2.2,,
Cf,L2 edge,25127.02,0.9,25097.79,0.45
Cf,L3M1,13154.4,2.1,,
Cf,L3M2,13566.0,2.1,,
Cf,L3M3,14795.4,2.4,,
Cf,L3M4,15428.6,1.4,,
Cf,L3M5,15666.2,1.3,,
Cf,L3N1,18110.4,3.2,,
Cf,L3N2,18304.4,4.5,,
Cf,L3N3,18631.4,2.7,,
Cf,L3N4,18931.4,2.8,,
Cf,L3N5,18990.7,2.6,,
Cf,L3N6,19384.6,2.3,,
Cf,L3N7,19400.1,1.9,,
Cf,L3 edge,19925.98,0.5,19901.45,0.5
Cf,L1M1,19261.7,3.3,19257.6,8.6
Cf,L1M2,19673.3,3.6,19676.2,6.3
Cf,L1M3,20902.7,3.9,20892.0,9.4
Cf,L1M4,21535.9,2.9,,
Cf,L1M5,21773.5,2.8,,
Cf,L1N1,24217.7,4.7,24201.9,6.3
Cf,L1N2,24411.7,6.0,24404.8,8.2
Cf,L1N3,24738.7,4.2,24721.2,9.2
Cf,L1N4,25038.7,4.2,,
Cf,L1N5,25098.0,4.1,,
Cf,L1N6,25491.9,3.8,,
Cf,L1N7,25507.4,3.3,,
Cf,L1 edge,26033.3,2.0,26016.0,5.0
Cf,L2M1,18355.3,2.4,18347.1,8.7
Cf,L2M2,18766.9,2.5,18767.3,6.1
Cf,L2M3,19996.3,2.7,19990.0,8.5
Cf,L2M4,20629.5,1.7,,
Cf,L2M5,20867.1,1.6,,
Cf,L2N1,23311.3,3.5,23295.5,6.2
Cf,L2N2,23505.3,4.9,23501.1,7.6
Cf,L2N3,23832.3,3.0,23819.1,8.4
Cf,L2N4,24132.3,3.2,,
Cf,L2N5,24191.6,3.0,,
Cf,L2N6,24585.5,2.7,,
Cf,L2N7,24600.9,2.2,,
Cf,L2 edge,25126.85,0.9,25108.0,5.0
Cf,L3M1,13154.2,2.1,13145.0,14.0
Cf,L3M2,13565.8,2.1,13557.0,8.2
Cf,L3M3,14795.2,2.4,14785.0,8.5
Cf,L3M4,15428.4,1.4,,
Cf,L3M5,15666.0,1.3,,
Cf,L3N1,18110.3,3.2,18090.8,8.5
Cf,L3N2,18304.2,4.5,18295.8,8.4
Cf,L3N3,18631.2,2.7,18613.9,8.4
Cf,L3N4,18931.2,2.8,,
Cf,L3N5,18990.6,2.6,,
Cf,L3N6,19384.4,2.3,,
Cf,L3N7,19399.9,1.9,,
Cf,L3 edge,19925.8,0.5,19901.0,6.0
Cf,L1M1,19261.3,3.3,19259.0,14.0
Cf,L1M2,19672.9,3.6,19678.0,51.0
Cf,L1M3,20902.3,3.9,20902.0,58.0
Cf,L1M4,21535.5,2.9,21556.0,70.0
Cf,L1M5,21773.1,2.8,21776.0,70.0
Cf,L1N1,24217.3,4.7,24237.0,61.0
Cf,L1N2,24411.3,6.0,24411.0,72.0
Cf,L1N3,24738.3,4.2,24745.0,72.0
Cf,L1N4,25038.3,4.2,,
Cf,L1N5,25097.6,4.1,,
Cf,L1N6,25491.5,3.8,,
Cf,L1N7,25507.0,3.3,,
Cf,L1 edge,26032.9,2.0,,
Cf,L2M1,18355.1,2.4,18366.0,12.0
Cf,L2M2,18766.6,2.5,18772.0,19.0
Cf,L2M3,19996.1,2.7,20001.0,16.0
Cf,L2M4,20629.3,1.7,20656.0,70.0
Cf,L2M5,20866.8,1.6,20876.0,70.0
Cf,L2N1,23311.1,3.5,23345.0,62.0
Cf,L2N2,23505.1,4.9,23485.0,23.0
Cf,L2N3,23832.1,3.0,23822.0,24.0
Cf,L2N4,24132.0,3.2,,
Cf,L2N5,24191.4,3.0,,
Cf,L2N6,24585.2,2.7,,
Cf,L2N7,24600.7,2.2,,
Cf,L2 edge,25126.63,0.9,,
Cf,L3M1,13154.1,2.1,13141.0,14.0
Cf,L3M2,13565.6,2.1,13568.0,15.0
Cf,L3M3,14795.1,2.4,14797.0,12.0
Cf,L3M4,15428.3,1.4,15434.0,69.0
Cf,L3M5,15665.8,1.3,15654.0,69.0
Cf,L3N1,18110.1,3.2,18128.0,37.0
Cf,L3N2,18304.1,4.5,18278.0,18.0
Cf,L3N3,18631.1,2.7,18610.0,18.0
Cf,L3N4,18931.0,2.8,,
Cf,L3N5,18990.4,2.6,,
Cf,L3N6,19384.2,2.3,,
Cf,L3N7,19399.7,1.9,,
Cf,L3 edge,19925.62,0.5,,
Es,L1M1,19814.4,3.3,,
Es,L1M2,20233.8,3.7,,
Es,L1M3,21532.3,3.9,,
Es,L1M4,22175.9,3.0,,
Es,L1M5,22424.7,2.8,,
Es,L1N1,24915.2,4.8,,
Es,L1N2,25113.6,6.2,,
Es,L1N3,25460.5,4.2,,
Es,L1N4,25766.6,4.4,,
Es,L1N5,25829.0,4.1,,
Es,L1N6,26230.8,3.8,,
Es,L1N7,26247.3,3.4,,
Es,L1 edge,26792.1,2.1,,
Es,L2M1,18892.2,2.4,,
Es,L2M2,19311.6,2.5,,
Es,L2M3,20610.1,2.8,,
Es,L2M4,21253.7,1.8,,
Es,L2M5,21502.5,1.7,,
Es,L2N1,23993.0,3.6,,
Es,L2N2,24191.3,5.0,,
Es,L2N3,24538.3,3.0,,
Es,L2N4,24844.3,3.2,,
Es,L2N5,24906.8,2.9,,
Es,L2N6,25308.5,2.7,,
Es,L2N7,25325.1,2.3,,
Es,L2 edge,25869.9,0.9,,
Es,L3M1,13411.7,2.1,,
Es,L3M2,13831.1,2.1,,
Es,L3M3,15129.6,2.4,,
Es,L3M4,15773.2,1.4,,
Es,L3M5,16022.0,1.3,,
Es,L3N1,18512.5,3.3,,
Es,L3N2,18710.8,4.6,,
Es,L3N3,19057.8,2.7,,
Es,L3N4,19363.8,2.8,,
Es,L3N5,19426.3,2.5,,
Es,L3N6,19828.1,2.4,,
Es,L3N7,19844.6,1.9,,
Es,L3 edge,20389.42,0.6,,
Fm,L1M1,20380.3,3.4,20373.0,12.0
Fm,L1M2,20807.5,3.6,20794.0,11.0
Fm,L1M3,22178.7,4.0,22165.0,11.0
Fm,L1M4,22832.7,2.9,22827.0,14.0
Fm,L1M5,23093.3,2.9,23089.0,14.0
Fm,L1N1,25637.7,5.0,25633.0,14.0
Fm,L1N2,25840.3,6.2,25830.0,12.0
Fm,L1N3,26208.5,4.3,26202.0,12.0
Fm,L1N4,26520.5,4.5,26514.0,14.0
Fm,L1N5,26586.4,4.1,26584.0,14.0
Fm,L1N6,26996.0,3.9,26934.0,17.0
Fm,L1N7,27013.6,3.6,26934.0,17.0
Fm,L1 edge,27584.4,2.2,27573.0,8.0
Fm,L2M1,19442.4,2.4,19444.0,11.0
Fm,L2M2,19869.6,2.5,19865.0,9.9
Fm,L2M3,21240.8,2.8,21236.0,9.9
Fm,L2M4,21894.8,1.8,21898.0,13.0
Fm,L2M5,22155.4,1.7,22160.0,13.0
Fm,L2N1,24699.8,3.7,24704.0,13.0
Fm,L2N2,24902.4,5.1,24901.0,11.0
Fm,L2N3,25270.6,3.1,25273.0,11.0
Fm,L2N4,25582.6,3.2,25585.0,13.0
Fm,L2N5,25648.5,2.9,25655.0,13.0
Fm,L2N6,26058.1,2.7,26005.0,17.0
Fm,L2N7,26075.7,2.3,26005.0,17.0
Fm,L2 edge,26646.5,1.0,26644.0,7.0
Fm,L3M1,13668.8,2.1,13668.0,11.0
Fm,L3M2,14095.9,2.1,14089.0,9.9
Fm,L3M3,15467.1,2.4,15460.0,9.9
Fm,L3M4,16121.2,1.4,16122.0,13.0
Fm,L3M5,16381.8,1.3,16384.0,13.0
Fm,L3N1,18926.2,3.4,18928.0,13.0
Fm,L3N2,19128.8,4.8,19125.0,11.0
Fm,L3N3,19496.9,2.7,19497.0,11.0
Fm,L3N4,19809.0,2.9,19809.0,13.0
Fm,L3N5,19874.8,2.6,19879.0,13.0
Fm,L3N6,20284.4,2.3,20229.0,17.0
Fm,L3N7,20302.1,2.0,20229.0,17.0
Fm,L3 edge,20872.81,0.6,20868.0,7.0
